,index,Enrollee_id,experience,Probability (%),Target
0,649,22527,4.0,93.60000000000001,1
1,1597,32795,3.0,92.80000000000001,0
2,918,26694,2.0,92.5,1
3,1890,31758,1.0,92.4,1
4,1060,7626,3.0,92.10000000000001,0
5,178,5391,2.0,92.10000000000001,1
6,1231,7266,4.0,92.0,1
7,2042,4377,3.0,92.0,1
8,1999,3432,1.0,91.7,0
9,947,462,5.0,91.7,0
10,1661,12189,3.0,91.5,0
11,1031,21308,2.0,91.5,0
12,1813,30365,2.0,90.60000000000001,1
13,1325,25155,2.0,90.4,1
14,2032,12142,0.5,90.3,1
15,609,25113,2.0,90.10000000000001,0
16,1611,29326,3.0,89.9,1
17,201,14512,4.0,89.9,0
18,436,30221,1.0,89.9,1
19,472,20035,0.5,89.8,1
20,313,32233,0.5,89.7,1
21,673,18752,9.0,89.60000000000001,1
22,1502,2790,4.0,89.5,1
23,1629,4586,2.0,89.4,1
24,504,23986,0.5,89.4,1
25,1935,9752,6.0,89.4,1
26,825,13373,0.5,89.1,1
27,960,18411,2.0,89.1,0
28,1778,27297,1.0,89.0,1
29,194,29575,7.0,89.0,1
30,1720,18519,4.0,89.0,1
31,1190,14035,2.0,88.9,1
32,1931,29629,0.5,88.9,1
33,1270,27067,2.0,88.8,1
34,118,842,7.0,88.8,1
35,1839,25914,3.0,88.7,1
36,1784,31481,3.0,88.7,1
37,1643,1928,4.0,88.6,1
38,993,14428,6.0,88.5,1
39,901,33277,0.5,88.5,1
40,1098,7679,2.0,88.5,1
41,1053,17221,4.0,88.4,1
42,1125,20570,0.5,87.9,0
43,862,22698,3.0,87.8,0
44,605,7733,3.0,87.8,1
45,179,4398,7.0,87.7,0
46,2031,21968,0.5,87.4,0
47,876,24081,2.0,87.4,1
48,1565,26722,4.0,87.3,1
49,878,27338,11.0,87.1,1
50,450,9487,5.0,87.1,0
51,2037,5171,5.0,87.0,1
52,211,23319,4.0,86.9,1
53,101,26180,1.0,86.7,1
54,1707,9051,2.0,86.4,0
55,1449,10523,6.0,86.4,1
56,81,27769,2.0,86.4,1
57,1488,25408,6.0,86.4,0
58,137,16673,0.5,86.0,1
59,1650,19550,7.0,86.0,1
60,689,29977,9.0,86.0,1
61,1081,28390,5.0,86.0,1
62,873,22520,7.0,85.9,0
63,288,5138,2.0,85.9,1
64,1585,11640,3.0,85.8,1
65,1987,21166,4.0,85.8,0
66,1408,24158,0.5,85.7,1
67,151,27117,0.5,85.7,0
68,1932,8112,2.0,85.5,1
69,1253,31756,4.0,85.1,1
70,417,18209,0.5,85.0,0
71,833,4450,0.5,85.0,0
72,1903,17779,5.0,85.0,1
73,1973,15049,2.0,85.0,1
74,235,24317,9.0,84.89999999999999,0
75,974,25623,4.0,84.89999999999999,1
76,667,30756,11.0,84.89999999999999,1
77,1211,23663,3.0,84.6,1
78,1151,16458,5.0,84.6,1
79,1346,22392,3.0,84.39999999999999,1
80,324,10446,1.0,84.2,1
81,854,9544,4.0,84.0,1
82,1350,15164,4.0,83.8,1
83,1666,25054,9.0,83.7,0
84,1628,10260,2.0,83.6,1
85,1640,18816,7.0,83.5,1
86,142,18426,10.0,83.5,1
87,1770,16560,0.5,83.3,1
88,1781,13477,4.0,83.1,1
89,622,16084,7.0,83.1,1
90,796,15663,7.0,82.8,0
91,1739,22450,10.0,82.8,1
92,1465,15973,3.0,82.69999999999999,0
93,1495,25097,8.0,82.39999999999999,0
94,93,8488,3.0,82.19999999999999,0
95,412,29830,6.0,82.1,0
96,2040,24234,19.0,82.0,0
97,1100,12709,10.0,82.0,0
98,739,30245,4.0,82.0,0
99,581,5243,6.0,81.89999999999999,0
100,1576,23674,8.0,81.69999999999999,1
101,632,6831,9.0,81.69999999999999,0
102,715,23344,9.0,81.69999999999999,1
103,68,30745,8.0,81.69999999999999,1
104,794,12064,7.0,81.6,0
105,735,18344,0.5,81.5,1
106,2046,21335,2.0,81.5,1
107,1336,7987,5.0,81.39999999999999,0
108,923,28007,0.5,81.10000000000001,0
109,295,23894,2.0,80.80000000000001,0
110,300,8485,8.0,80.7,1
111,1970,26621,4.0,80.60000000000001,0
112,1427,18271,1.0,80.5,0
113,1167,25308,0.5,80.5,1
114,1716,21049,2.0,80.4,1
115,1277,16286,5.0,80.4,1
116,1290,19942,9.0,80.4,0
117,935,13949,3.0,80.30000000000001,1
118,590,32075,8.0,80.30000000000001,1
119,2003,32898,1.0,80.30000000000001,0
120,1272,2529,11.0,80.2,0
121,813,14516,4.0,80.2,0
122,645,8392,3.0,79.80000000000001,1
123,69,21052,2.0,79.80000000000001,0
124,184,24202,7.0,79.60000000000001,1
125,272,3407,6.0,79.5,1
126,1470,24378,0.5,79.4,0
127,1316,28252,5.0,79.4,0
128,857,4804,10.0,79.3,1
129,1852,22468,7.0,79.3,1
130,1816,11927,14.0,79.10000000000001,0
131,70,20723,0.5,79.10000000000001,0
132,1353,7926,3.0,79.10000000000001,0
133,976,21353,15.0,79.10000000000001,0
134,1902,9205,13.0,79.10000000000001,1
135,465,14601,1.0,79.0,1
136,1688,23465,1.0,79.0,0
137,2064,27764,13.0,78.9,0
138,1089,31133,6.0,78.8,1
139,287,18340,5.0,78.7,0
140,727,25999,4.0,78.7,1
141,115,27002,7.0,78.7,0
142,1013,1172,1.0,78.60000000000001,1
143,192,9302,9.0,78.60000000000001,0
144,1006,7439,1.0,78.5,0
145,896,22808,2.0,78.3,1
146,756,4674,4.0,78.2,1
147,1817,31708,4.0,78.2,1
148,258,17793,6.0,78.2,1
149,1990,10587,14.0,78.10000000000001,1
150,1624,18384,0.5,78.10000000000001,1
151,1012,10810,4.0,78.0,0
152,2024,7258,2.0,78.0,0
153,1478,366,3.0,77.9,0
154,880,11886,14.0,77.8,1
155,525,31852,4.0,77.60000000000001,0
156,1511,11796,0.5,77.4,0
157,1961,7132,3.0,77.3,1
158,2123,21339,3.0,77.3,1
159,181,17336,2.0,77.3,0
160,491,28121,5.0,77.3,1
161,304,24941,4.0,77.3,0
162,537,2606,10.0,77.3,1
163,1913,20841,9.0,77.2,1
164,1373,9753,4.0,77.2,1
165,1318,18492,4.0,77.2,0
166,1069,14500,5.0,77.10000000000001,0
167,652,31669,0.5,77.10000000000001,1
168,1651,15384,4.0,77.10000000000001,0
169,1474,1985,5.0,77.0,0
170,658,11945,4.0,76.8,0
171,663,6720,2.0,76.8,1
172,9,16287,3.0,76.8,1
173,1203,17919,2.0,76.7,1
174,783,1227,10.0,76.7,0
175,1818,25882,20.0,76.7,0
176,1907,31802,16.0,76.7,0
177,1674,18356,12.0,76.6,1
178,2088,5280,6.0,76.6,1
179,19,29033,2.0,76.5,0
180,602,3697,15.0,76.5,1
181,432,15593,14.0,76.5,0
182,1725,2122,5.0,76.4,1
183,267,13274,3.0,76.4,1
184,341,28764,1.0,76.3,1
185,834,25833,3.0,76.3,1
186,638,26769,4.0,76.3,0
187,1872,10618,5.0,76.0,1
188,1527,12312,4.0,76.0,0
189,494,14456,0.5,75.9,1
190,1683,8375,9.0,75.9,1
191,789,12096,0.5,75.9,1
192,903,6837,6.0,75.8,1
193,575,26805,0.5,75.8,1
194,1571,11413,6.0,75.7,0
195,343,3068,3.0,75.7,1
196,1641,31466,11.0,75.7,0
197,1113,24293,0.5,75.6,1
198,722,28132,6.0,75.6,0
199,38,18517,0.5,75.6,0
200,721,7315,11.0,75.5,0
201,1703,29031,6.0,75.5,0
202,2093,27216,1.0,75.4,1
203,980,18316,2.0,75.1,1
204,1751,32278,2.0,75.1,1
205,849,14182,5.0,74.9,1
206,579,17211,9.0,74.9,0
207,75,24018,3.0,74.9,1
208,2122,24507,20.0,74.8,0
209,1632,12558,7.0,74.8,0
210,1927,3672,3.0,74.8,0
211,731,14832,8.0,74.8,0
212,1281,4370,5.0,74.7,1
213,818,3374,0.5,74.7,1
214,1035,3413,6.0,74.6,1
215,941,27008,3.0,74.6,1
216,385,2510,1.0,74.6,1
217,1821,2530,0.5,74.6,0
218,439,29018,13.0,74.6,0
219,1575,16251,5.0,74.5,1
220,829,6778,7.0,74.4,1
221,169,28833,2.0,74.4,1
222,382,12695,9.0,74.3,0
223,1729,25977,3.0,74.3,0
224,18,21514,6.0,74.3,0
225,410,29833,2.0,74.3,1
226,2105,7564,4.0,74.2,1
227,1450,12163,6.0,74.2,0
228,1256,5050,5.0,74.2,0
229,1330,27143,7.0,74.1,0
230,1083,3408,9.0,74.1,1
231,149,20948,5.0,74.1,0
232,664,14369,11.0,74.0,1
233,1809,24026,6.0,73.9,1
234,1779,19413,2.0,73.9,1
235,895,13124,6.0,73.8,1
236,694,5258,4.0,73.8,1
237,1294,17267,3.0,73.7,0
238,315,22457,4.0,73.7,0
239,1229,2421,5.0,73.7,1
240,1044,15640,6.0,73.6,1
241,1473,32635,5.0,73.4,1
242,927,18565,8.0,73.4,1
243,2075,20536,9.0,73.3,0
244,1535,18706,25.0,73.3,0
245,633,20380,3.0,73.3,1
246,1793,21604,0.5,73.2,1
247,1542,24238,3.0,73.2,0
248,1996,9208,2.0,73.1,1
249,478,11654,9.0,73.1,0
250,108,1319,0.5,73.0,1
251,938,5255,7.0,72.89999999999999,1
252,2079,11458,0.5,72.8,0
253,1365,12453,7.0,72.8,1
254,619,21462,10.0,72.8,1
255,1526,15534,25.0,72.7,0
256,1896,22480,11.0,72.7,0
257,1332,21657,5.0,72.6,0
258,481,15305,7.0,72.6,0
259,594,24156,10.0,72.5,1
260,1711,11849,12.0,72.5,0
261,1589,1838,3.0,72.5,0
262,1301,2358,7.0,72.39999999999999,0
263,1046,10928,4.0,72.39999999999999,1
264,576,15635,2.0,72.39999999999999,0
265,1064,13726,13.0,72.39999999999999,0
266,1355,30295,3.0,72.39999999999999,1
267,1553,30957,9.0,72.3,0
268,1704,14883,1.0,72.3,1
269,1886,22430,10.0,72.3,0
270,748,3722,2.0,72.2,1
271,1974,32808,4.0,72.2,0
272,148,1663,25.0,72.2,1
273,353,20910,2.0,72.1,1
274,851,29624,3.0,72.0,0
275,218,19504,4.0,72.0,0
276,924,26178,5.0,72.0,1
277,691,23883,16.0,72.0,1
278,1544,18575,2.0,72.0,0
279,459,13832,10.0,71.89999999999999,0
280,884,6768,2.0,71.89999999999999,1
281,1065,14240,6.0,71.89999999999999,0
282,989,31672,0.5,71.89999999999999,1
283,827,2280,3.0,71.7,1
284,668,22625,5.0,71.7,0
285,1558,13462,5.0,71.5,1
286,1916,10847,9.0,71.5,1
287,1884,25614,2.0,71.5,1
288,161,8744,1.0,71.39999999999999,0
289,1490,6509,10.0,71.39999999999999,1
290,1477,7953,3.0,71.39999999999999,0
291,1078,17165,5.0,71.3,0
292,454,1622,9.0,71.3,0
293,1891,5898,2.0,71.2,1
294,65,16931,15.0,71.2,1
295,225,12361,0.5,71.2,0
296,1934,17450,0.5,71.1,1
297,1486,32636,2.0,70.89999999999999,0
298,1560,29276,3.0,70.89999999999999,1
299,1749,22407,8.0,70.8,0
300,29,19437,3.0,70.7,1
301,266,4863,2.0,70.7,0
302,33,17189,7.0,70.7,0
303,49,20768,2.0,70.7,0
304,777,17900,3.0,70.5,1
305,1678,31951,3.0,70.5,0
306,549,23880,0.5,70.39999999999999,1
307,293,25140,6.0,70.39999999999999,1
308,1805,32607,7.0,70.39999999999999,0
309,708,16317,3.0,70.3,0
310,1528,7789,7.0,70.3,0
311,139,15367,0.5,70.19999999999999,1
312,322,19719,6.0,70.19999999999999,1
313,308,2718,5.0,70.19999999999999,1
314,610,14329,8.0,70.1,0
315,745,1995,4.0,70.1,1
316,1555,17950,12.0,70.1,0
317,1200,7792,25.0,70.1,0
318,801,5101,25.0,70.0,1
319,513,25051,9.0,70.0,1
320,1928,29832,4.0,70.0,1
321,1429,31232,3.0,69.89999999999999,1
322,908,11502,0.5,69.89999999999999,1
323,2013,17426,5.0,69.8,1
324,1772,28886,1.0,69.8,1
325,1731,9275,13.0,69.8,1
326,2060,28695,0.5,69.8,1
327,1504,9134,7.0,69.69999999999999,0
328,1176,14586,7.0,69.69999999999999,1
329,422,28842,7.0,69.69999999999999,1
330,930,20475,8.0,69.6,0
331,1291,26888,2.0,69.6,0
332,936,2269,3.0,69.6,1
333,1102,6829,6.0,69.6,0
334,1914,5962,5.0,69.6,0
335,596,6515,7.0,69.5,1
336,1129,14538,3.0,69.39999999999999,0
337,1804,31236,10.0,69.39999999999999,0
338,1372,26993,1.0,69.39999999999999,0
339,948,2677,5.0,69.39999999999999,0
340,875,23255,5.0,69.39999999999999,1
341,173,18529,6.0,69.39999999999999,0
342,1451,10279,6.0,69.39999999999999,0
343,1037,13314,3.0,69.3,1
344,176,5967,9.0,69.3,0
345,926,5720,3.0,69.3,1
346,1885,19648,4.0,69.19999999999999,1
347,693,10579,5.0,69.19999999999999,0
348,1251,10469,4.0,69.1,1
349,1917,30109,4.0,69.0,1
350,1388,14438,3.0,69.0,0
351,1538,6721,5.0,69.0,0
352,2119,8905,8.0,69.0,0
353,730,26581,5.0,68.89999999999999,0
354,305,28936,12.0,68.89999999999999,0
355,91,1680,19.0,68.8,0
356,23,5058,1.0,68.8,0
357,1022,19468,7.0,68.7,0
358,1859,19725,2.0,68.7,1
359,670,20635,1.0,68.7,0
360,856,27458,8.0,68.7,0
361,1226,30770,9.0,68.60000000000001,1
362,200,9462,1.0,68.60000000000001,1
363,1015,16944,5.0,68.5,1
364,1787,10311,11.0,68.5,0
365,284,8991,3.0,68.4,0
366,453,32495,25.0,68.4,1
367,1144,6433,2.0,68.4,0
368,349,6527,13.0,68.4,0
369,1579,9055,13.0,68.4,0
370,474,14568,2.0,68.10000000000001,1
371,1572,9556,20.0,68.10000000000001,0
372,1631,17389,11.0,68.10000000000001,0
373,995,7773,7.0,68.0,0
374,571,32057,14.0,68.0,0
375,1937,181,0.5,68.0,1
376,335,6816,3.0,68.0,1
377,1824,20308,6.0,68.0,0
378,1733,8184,5.0,68.0,0
379,821,12459,4.0,68.0,0
380,797,18378,6.0,68.0,1
381,706,32273,8.0,67.9,0
382,1905,16828,10.0,67.9,1
383,2082,26446,0.5,67.80000000000001,1
384,1727,10655,4.0,67.80000000000001,1
385,140,22556,5.0,67.80000000000001,1
386,1236,12570,2.0,67.80000000000001,1
387,1801,22697,8.0,67.80000000000001,0
388,1302,7645,10.0,67.7,1
389,630,31017,4.0,67.7,0
390,1752,14069,4.0,67.60000000000001,1
391,1189,621,1.0,67.60000000000001,0
392,117,12308,10.0,67.60000000000001,0
393,786,5368,7.0,67.60000000000001,1
394,170,8708,3.0,67.60000000000001,1
395,53,4742,2.0,67.60000000000001,0
396,753,13782,6.0,67.60000000000001,0
397,219,16336,7.0,67.60000000000001,1
398,1255,16255,8.0,67.60000000000001,0
399,675,18260,10.0,67.5,1
400,1193,29010,2.0,67.5,0
401,641,23379,16.0,67.5,0
402,2054,7012,1.0,67.4,1
403,528,9707,8.0,67.4,1
404,1329,20419,7.0,67.4,0
405,620,20786,5.0,67.4,1
406,2049,37,3.0,67.30000000000001,1
407,1789,2183,4.0,67.2,1
408,909,5882,13.0,67.2,0
409,455,15660,2.0,67.2,1
410,1819,16079,8.0,67.10000000000001,0
411,234,30120,4.0,67.10000000000001,1
412,681,3395,3.0,67.10000000000001,1
413,1362,27420,4.0,67.10000000000001,1
414,2009,26927,0.5,67.10000000000001,1
415,444,24261,3.0,67.0,1
416,565,16595,10.0,67.0,1
417,1635,27991,3.0,66.9,1
418,20,15359,2.0,66.9,1
419,223,11169,6.0,66.9,0
420,1876,18100,5.0,66.9,0
421,568,25699,7.0,66.8,1
422,1021,19501,15.0,66.8,1
423,1163,14574,0.5,66.8,1
424,89,16184,1.0,66.8,0
425,2104,15293,1.0,66.8,1
426,1250,33291,10.0,66.7,0
427,2011,23976,1.0,66.7,1
428,1762,22464,3.0,66.7,1
429,521,31557,1.0,66.60000000000001,0
430,213,7788,10.0,66.60000000000001,0
431,1814,30316,2.0,66.5,1
432,1760,16462,6.0,66.4,0
433,247,5605,9.0,66.3,1
434,1755,6742,2.0,66.3,1
435,22,25202,6.0,66.3,1
436,1160,14159,12.0,66.2,0
437,1613,10478,1.0,66.2,1
438,241,20456,6.0,66.10000000000001,0
439,535,30836,6.0,66.10000000000001,0
440,2041,32649,6.0,66.0,0
441,1764,2610,25.0,65.9,0
442,1883,4222,10.0,65.9,1
443,761,13006,4.0,65.9,0
444,8,12994,14.0,65.8,0
445,316,30759,2.0,65.8,1
446,1868,29710,2.0,65.8,0
447,1780,5111,2.0,65.7,0
448,490,18369,11.0,65.7,0
449,1616,22835,10.0,65.7,0
450,1512,31234,10.0,65.60000000000001,0
451,586,27239,1.0,65.60000000000001,0
452,545,30367,16.0,65.5,1
453,1218,1179,6.0,65.5,1
454,1600,18847,15.0,65.4,0
455,428,14870,17.0,65.4,1
456,1245,12505,4.0,65.3,0
457,1556,32910,5.0,65.3,0
458,534,17440,9.0,65.3,0
459,1228,26032,6.0,65.3,1
460,406,16490,8.0,65.3,1
461,260,26325,3.0,65.2,1
462,669,22057,5.0,65.2,1
463,44,18133,1.0,65.2,1
464,1717,17307,1.0,65.2,1
465,1285,17200,0.5,65.2,0
466,1621,5479,2.0,65.2,1
467,587,18463,6.0,65.10000000000001,0
468,2047,13292,3.0,65.10000000000001,1
469,306,9562,25.0,65.10000000000001,1
470,842,28267,0.5,65.0,1
471,6,21465,0.5,65.0,0
472,1625,23628,5.0,65.0,1
473,190,22999,0.5,65.0,1
474,160,7863,13.0,64.9,0
475,539,13100,10.0,64.8,1
476,1216,4838,5.0,64.8,1
477,430,14585,2.0,64.7,1
478,546,5412,1.0,64.7,1
479,1387,18581,15.0,64.60000000000001,1
480,431,32487,11.0,64.60000000000001,0
481,482,14669,3.0,64.60000000000001,0
482,1058,2889,6.0,64.5,0
483,2045,22786,4.0,64.5,1
484,136,18163,2.0,64.4,0
485,1304,32727,11.0,64.4,1
486,1637,25585,4.0,64.4,1
487,1135,24993,7.0,64.3,0
488,292,19883,3.0,64.3,1
489,325,5907,3.0,64.3,0
490,600,19385,11.0,64.3,0
491,717,31079,2.0,64.3,0
492,910,24978,2.0,64.2,0
493,1771,5236,5.0,64.2,0
494,1766,20361,6.0,64.2,0
495,1926,5980,10.0,64.2,0
496,764,18013,6.0,64.2,0
497,711,17504,0.5,64.1,1
498,650,33343,0.5,64.1,1
499,2080,20348,8.0,64.1,0
500,644,23739,11.0,64.1,0
501,1506,24908,4.0,64.1,1
502,824,29383,9.0,64.0,0
503,1299,27952,16.0,63.9,1
504,268,12462,0.5,63.9,1
505,553,24331,5.0,63.9,1
506,1713,6969,16.0,63.800000000000004,0
507,66,27298,5.0,63.800000000000004,1
508,233,15380,5.0,63.7,1
509,363,32629,2.0,63.7,0
510,2099,12406,8.0,63.7,0
511,983,12951,5.0,63.6,0
512,237,30607,4.0,63.6,1
513,1201,12846,5.0,63.5,0
514,98,22462,9.0,63.4,1
515,1323,17836,18.0,63.4,1
516,805,17549,13.0,63.4,1
517,864,24022,14.0,63.3,0
518,703,32066,1.0,63.3,1
519,1296,2752,5.0,63.3,1
520,775,14053,7.0,63.3,1
521,278,9005,6.0,63.2,1
522,621,32404,11.0,63.2,1
523,809,20459,5.0,63.2,0
524,1871,31818,5.0,63.1,0
525,1039,17072,6.0,63.1,0
526,1210,656,5.0,63.1,0
527,958,32908,3.0,63.1,0
528,1223,14477,3.0,63.0,1
529,15,24914,13.0,63.0,0
530,754,20767,12.0,63.0,0
531,2007,23403,4.0,63.0,0
532,1984,19473,5.0,62.9,0
533,1966,28035,25.0,62.9,0
534,2034,23735,5.0,62.9,0
535,570,21613,5.0,62.9,1
536,2112,28552,4.0,62.9,1
537,998,5485,7.0,62.8,0
538,1591,18267,8.0,62.8,0
539,985,25933,6.0,62.8,0
540,0,32403,9.0,62.8,1
541,987,25129,0.5,62.7,1
542,852,16168,9.0,62.7,0
543,1361,23562,2.0,62.7,0
544,543,12735,8.0,62.6,0
545,729,11682,3.0,62.6,1
546,352,33148,2.0,62.5,1
547,843,4504,5.0,62.5,0
548,932,31451,6.0,62.5,1
549,841,25714,6.0,62.5,0
550,1573,28061,3.0,62.4,1
551,1328,7212,4.0,62.4,0
552,59,1361,5.0,62.4,0
553,449,21381,5.0,62.3,1
554,203,19780,9.0,62.2,0
555,2097,13464,0.5,62.2,1
556,826,21283,7.0,62.1,0
557,2089,11201,9.0,62.1,1
558,355,23670,2.0,62.1,1
559,1072,8897,7.0,62.1,0
560,405,14205,7.0,62.1,0
561,14,14070,5.0,62.0,0
562,1617,6615,2.0,62.0,0
563,1746,31995,3.0,62.0,0
564,1237,7689,2.0,62.0,0
565,759,26367,4.0,62.0,0
566,30,394,5.0,62.0,0
567,154,31272,13.0,61.9,1
568,1076,16345,8.0,61.9,1
569,85,30867,3.0,61.9,1
570,126,24162,0.5,61.8,1
571,1419,25867,8.0,61.7,1
572,250,8141,25.0,61.6,0
573,2076,12472,6.0,61.6,0
574,1225,21032,3.0,61.5,1
575,532,9726,16.0,61.5,1
576,1010,20205,2.0,61.5,1
577,1276,7759,4.0,61.5,1
578,810,22775,4.0,61.5,1
579,1982,14785,2.0,61.4,1
580,1627,20691,19.0,61.4,1
581,555,12488,2.0,61.3,1
582,2001,17993,2.0,61.199999999999996,0
583,180,18383,4.0,61.199999999999996,1
584,321,14026,17.0,61.1,1
585,1493,19403,3.0,61.1,1
586,922,17481,11.0,61.1,1
587,1829,11460,13.0,61.1,0
588,2115,13833,10.0,61.0,0
589,1626,18665,1.0,61.0,0
590,1345,15849,25.0,61.0,0
591,879,14873,8.0,60.9,0
592,1422,28383,25.0,60.8,1
593,846,2894,5.0,60.8,0
594,712,24585,8.0,60.8,0
595,297,25415,25.0,60.6,1
596,1976,20622,2.0,60.6,0
597,808,8990,4.0,60.6,1
598,1768,19794,5.0,60.6,0
599,221,6827,2.0,60.6,1
600,962,25586,2.0,60.6,0
601,1546,33308,4.0,60.4,1
602,197,20612,1.0,60.4,1
603,204,2594,2.0,60.4,1
604,1687,16107,15.0,60.4,1
605,1741,24057,5.0,60.3,0
606,1644,15385,5.0,60.3,1
607,1307,16922,2.0,60.3,1
608,1669,3689,9.0,60.199999999999996,0
609,121,19567,12.0,60.099999999999994,1
610,1570,8413,3.0,60.099999999999994,1
611,1522,2915,2.0,60.099999999999994,1
612,705,17502,5.0,60.099999999999994,0
613,612,32516,5.0,60.099999999999994,1
614,1266,9195,10.0,60.0,0
615,1106,18781,4.0,60.0,0
616,286,16355,5.0,60.0,1
617,1537,27308,8.0,59.9,1
618,31,7683,5.0,59.9,1
619,388,30849,3.0,59.8,1
620,253,6602,6.0,59.699999999999996,0
621,1670,27337,15.0,59.699999999999996,1
622,2055,23338,5.0,59.699999999999996,1
623,1466,24155,11.0,59.699999999999996,1
624,559,6504,12.0,59.599999999999994,1
625,246,22118,6.0,59.599999999999994,0
626,919,167,13.0,59.5,1
627,625,13230,5.0,59.5,1
628,2056,30621,8.0,59.4,1
629,1812,370,25.0,59.4,0
630,1949,25136,0.5,59.4,0
631,64,2094,18.0,59.3,0
632,1549,27386,16.0,59.199999999999996,0
633,469,21383,14.0,59.199999999999996,0
634,510,25101,2.0,59.199999999999996,0
635,79,22271,15.0,59.099999999999994,0
636,1601,26138,15.0,59.099999999999994,1
637,1508,11063,3.0,59.099999999999994,1
638,1434,22700,8.0,59.099999999999994,0
639,372,23867,20.0,59.099999999999994,0
640,1063,12645,5.0,59.0,1
641,238,8513,7.0,58.9,0
642,1338,18483,12.0,58.9,0
643,770,17958,6.0,58.9,0
644,11,9272,20.0,58.9,1
645,1911,21899,15.0,58.9,0
646,2039,26950,11.0,58.9,0
647,518,5040,3.0,58.8,0
648,1310,22477,9.0,58.8,1
649,1998,31361,16.0,58.8,0
650,492,15061,0.5,58.8,0
651,831,20431,16.0,58.8,0
652,697,30670,6.0,58.699999999999996,0
653,692,33033,3.0,58.599999999999994,1
654,946,21962,25.0,58.5,0
655,720,8911,25.0,58.3,1
656,855,1433,5.0,58.3,1
657,113,22264,6.0,58.3,0
658,209,18171,12.0,58.199999999999996,1
659,334,20333,3.0,58.099999999999994,1
660,299,15242,25.0,58.099999999999994,0
661,275,2851,6.0,58.099999999999994,0
662,1221,31228,3.0,57.99999999999999,1
663,952,33064,13.0,57.99999999999999,1
664,1139,19987,9.0,57.99999999999999,0
665,466,5823,14.0,57.9,0
666,1092,10455,10.0,57.9,0
667,185,20650,6.0,57.9,0
668,369,13000,25.0,57.9,0
669,803,26235,25.0,57.9,1
670,1455,15682,10.0,57.9,0
671,1244,20917,10.0,57.8,1
672,1761,32105,14.0,57.8,0
673,368,25160,6.0,57.8,1
674,1820,21788,11.0,57.699999999999996,1
675,1593,12996,25.0,57.599999999999994,1
676,1722,17254,2.0,57.599999999999994,1
677,56,10493,8.0,57.49999999999999,1
678,473,20872,6.0,57.49999999999999,0
679,920,28381,11.0,57.49999999999999,1
680,16,7865,4.0,57.49999999999999,0
681,2068,12029,9.0,57.49999999999999,0
682,887,14342,9.0,57.4,0
683,1112,6209,18.0,57.4,0
684,1171,15589,7.0,57.4,0
685,96,12919,4.0,57.3,0
686,1179,1382,14.0,57.3,1
687,1968,30428,25.0,57.199999999999996,0
688,837,9270,6.0,57.199999999999996,0
689,374,1456,15.0,57.199999999999996,1
690,1196,16245,5.0,57.199999999999996,0
691,1620,7314,6.0,57.199999999999996,0
692,1152,16138,15.0,57.099999999999994,1
693,1191,13621,8.0,57.099999999999994,1
694,982,8713,17.0,56.99999999999999,0
695,1074,13543,3.0,56.99999999999999,0
696,951,2784,3.0,56.99999999999999,0
697,2092,33290,6.0,56.89999999999999,1
698,5,217,10.0,56.8,1
699,1404,8942,12.0,56.8,1
700,1515,30036,2.0,56.8,0
701,732,18023,4.0,56.699999999999996,0
702,1679,13009,3.0,56.599999999999994,0
703,413,21423,1.0,56.599999999999994,1
704,7,27302,25.0,56.599999999999994,1
705,795,2170,9.0,56.599999999999994,0
706,755,20113,25.0,56.599999999999994,0
707,1938,1476,11.0,56.49999999999999,0
708,1309,16212,5.0,56.49999999999999,1
709,175,22639,4.0,56.49999999999999,0
710,27,8799,6.0,56.39999999999999,1
711,1614,24800,12.0,56.39999999999999,1
712,1959,32229,5.0,56.3,0
713,1587,11401,19.0,56.3,0
714,970,12055,6.0,56.3,0
715,1410,24362,6.0,56.3,0
716,271,20577,2.0,56.3,0
717,1007,28333,7.0,56.2,1
718,2110,22744,15.0,56.2,0
719,1518,22652,19.0,56.10000000000001,0
720,1417,11188,14.0,56.00000000000001,0
721,497,13051,16.0,56.00000000000001,0
722,45,29242,5.0,56.00000000000001,0
723,1705,17924,25.0,55.900000000000006,1
724,867,9827,2.0,55.900000000000006,0
725,595,32584,14.0,55.900000000000006,0
726,365,19028,9.0,55.900000000000006,0
727,779,501,2.0,55.800000000000004,1
728,683,15977,2.0,55.800000000000004,0
729,1050,8239,9.0,55.7,0
730,1993,2046,7.0,55.7,0
731,416,9618,25.0,55.7,0
732,527,9501,5.0,55.60000000000001,0
733,443,6017,5.0,55.60000000000001,0
734,2,31806,0.5,55.60000000000001,1
735,723,8367,25.0,55.50000000000001,0
736,446,16540,16.0,55.50000000000001,1
737,1438,17952,3.0,55.400000000000006,0
738,1067,32646,2.0,55.400000000000006,1
739,589,30657,3.0,55.400000000000006,0
740,264,32409,8.0,55.300000000000004,1
741,1929,18719,10.0,55.300000000000004,1
742,2018,19261,4.0,55.300000000000004,0
743,1262,14398,4.0,55.300000000000004,0
744,1481,17386,5.0,55.300000000000004,0
745,1202,25038,25.0,55.300000000000004,0
746,1548,25603,7.0,55.2,0
747,588,21490,4.0,55.2,1
748,141,27439,15.0,55.2,0
749,2066,13605,9.0,55.1,0
750,1758,16614,9.0,55.00000000000001,1
751,1730,8038,5.0,54.900000000000006,0
752,1014,10809,6.0,54.900000000000006,0
753,1391,5857,4.0,54.800000000000004,0
754,1693,17300,3.0,54.800000000000004,1
755,1134,10198,11.0,54.800000000000004,0
756,1485,17224,13.0,54.800000000000004,0
757,1763,20165,1.0,54.800000000000004,0
758,21,16001,7.0,54.800000000000004,0
759,254,14916,15.0,54.7,0
760,1881,27030,13.0,54.7,0
761,1214,22045,25.0,54.6,0
762,1378,5601,0.5,54.6,1
763,2069,28494,25.0,54.50000000000001,1
764,1462,28808,25.0,54.50000000000001,0
765,256,9047,25.0,54.400000000000006,0
766,1656,15865,7.0,54.400000000000006,1
767,1981,29703,13.0,54.300000000000004,0
768,283,40,11.0,54.300000000000004,1
769,1157,17953,25.0,54.2,1
770,1899,9852,25.0,54.2,1
771,1040,31230,6.0,54.2,0
772,1642,12500,11.0,54.2,0
773,153,1441,16.0,54.2,0
774,419,17129,14.0,54.1,0
775,828,5624,25.0,54.1,0
776,460,8066,8.0,54.1,0
777,687,13157,11.0,53.900000000000006,0
778,1908,17188,10.0,53.900000000000006,1
779,1259,16180,18.0,53.900000000000006,1
780,1028,21296,11.0,53.900000000000006,0
781,389,31123,13.0,53.800000000000004,0
782,441,5489,15.0,53.800000000000004,0
783,2087,33316,5.0,53.800000000000004,1
784,704,11386,10.0,53.6,1
785,560,19043,9.0,53.5,0
786,1118,4832,4.0,53.400000000000006,0
787,276,485,12.0,53.400000000000006,0
788,1769,4810,25.0,53.300000000000004,0
789,850,3699,5.0,53.300000000000004,0
790,24,23570,19.0,53.300000000000004,0
791,109,19146,18.0,53.300000000000004,0
792,1367,795,7.0,53.300000000000004,0
793,1131,32099,25.0,53.2,0
794,1623,18166,9.0,53.1,0
795,1830,2900,10.0,53.1,0
796,1592,22591,8.0,53.1,0
797,698,22497,5.0,53.1,0
798,1721,8752,10.0,52.900000000000006,1
799,2052,29304,12.0,52.900000000000006,0
800,968,4957,12.0,52.900000000000006,0
801,97,4386,3.0,52.900000000000006,1
802,366,12295,1.0,52.800000000000004,0
803,757,2444,25.0,52.7,1
804,1220,20707,4.0,52.7,0
805,1409,24017,4.0,52.7,0
806,319,32085,9.0,52.6,0
807,457,23279,8.0,52.6,0
808,978,30470,3.0,52.6,1
809,639,3979,7.0,52.5,0
810,1364,13204,15.0,52.5,1
811,1240,18513,2.0,52.400000000000006,0
812,975,2575,5.0,52.300000000000004,0
813,159,30498,3.0,52.2,0
814,1321,19654,4.0,52.2,1
815,1604,32019,6.0,52.2,1
816,2065,22708,7.0,52.2,0
817,226,15165,25.0,52.1,0
818,696,27245,16.0,52.1,1
819,1263,11444,10.0,52.1,0
820,679,18063,3.0,52.0,0
821,1366,21071,11.0,52.0,0
822,792,11440,25.0,51.9,0
823,902,3760,10.0,51.9,0
824,442,19459,25.0,51.9,1
825,561,22715,11.0,51.800000000000004,0
826,971,9163,4.0,51.800000000000004,1
827,188,28619,3.0,51.800000000000004,1
828,138,18805,25.0,51.800000000000004,0
829,1924,32783,7.0,51.7,0
830,1257,4273,25.0,51.7,0
831,1744,26670,25.0,51.7,1
832,1815,28350,7.0,51.6,1
833,2111,21887,6.0,51.6,0
834,100,21230,3.0,51.6,0
835,623,20103,25.0,51.6,1
836,1639,4791,4.0,51.6,0
837,1174,8083,3.0,51.6,0
838,1494,25679,18.0,51.5,0
839,328,7957,15.0,51.5,1
840,538,14158,9.0,51.5,0
841,2125,195,18.0,51.5,1
842,1149,27036,5.0,51.4,0
843,1596,29762,6.0,51.300000000000004,1
844,1369,8509,9.0,51.300000000000004,0
845,1806,8216,11.0,51.2,1
846,489,20068,25.0,51.2,0
847,599,25802,25.0,51.1,1
848,774,32212,4.0,51.1,0
849,1667,11506,7.0,51.1,1
850,861,17085,25.0,51.1,1
851,1042,19117,7.0,50.9,0
852,198,11976,14.0,50.8,0
853,1841,32540,25.0,50.8,0
854,1247,6642,4.0,50.8,0
855,107,25492,25.0,50.8,1
856,1516,9837,25.0,50.8,0
857,168,31733,25.0,50.8,0
858,557,2892,8.0,50.7,0
859,1401,19210,10.0,50.7,1
860,289,12391,3.0,50.7,0
861,925,13467,4.0,50.6,1
862,261,20907,5.0,50.6,1
863,129,24230,0.5,50.6,1
864,548,4709,2.0,50.6,0
865,1166,15141,6.0,50.6,0
866,1442,22042,25.0,50.5,1
867,1822,20640,25.0,50.5,0
868,1246,22510,8.0,50.4,1
869,55,16917,1.0,50.4,1
870,1636,27425,16.0,50.4,0
871,2124,1289,16.0,50.4,0
872,1009,15009,3.0,50.3,0
873,1912,10834,12.0,50.3,1
874,28,11113,16.0,50.2,0
875,1116,13211,25.0,50.2,1
876,358,23770,11.0,50.2,0
877,1265,7391,4.0,50.1,0
878,1811,22342,5.0,50.1,0
879,1178,2415,16.0,50.1,0
880,1874,13819,7.0,50.1,0
881,1399,15587,25.0,50.0,0
882,131,24396,18.0,50.0,0
883,1509,16129,4.0,50.0,1
884,196,30736,2.0,50.0,1
885,812,11963,9.0,49.9,0
886,1584,4579,3.0,49.9,0
887,912,30020,2.0,49.9,1
888,558,6332,11.0,49.8,0
889,1541,8735,5.0,49.8,1
890,318,18983,3.0,49.8,0
891,2102,23606,3.0,49.7,1
892,585,22975,25.0,49.6,0
893,1507,22712,16.0,49.6,0
894,686,23275,5.0,49.6,0
895,1800,2789,13.0,49.5,0
896,1773,18338,11.0,49.5,0
897,800,28645,6.0,49.5,1
898,550,18607,25.0,49.5,1
899,1161,13603,12.0,49.5,0
900,314,26601,25.0,49.4,0
901,601,27304,20.0,49.4,0
902,1963,29886,11.0,49.4,1
903,1950,21469,5.0,49.4,0
904,1086,31337,25.0,49.4,1
905,1792,20064,3.0,49.4,0
906,1989,32511,14.0,49.4,1
907,12,14249,8.0,49.2,0
908,1413,28518,19.0,49.2,0
909,1331,33134,4.0,49.2,0
910,249,28718,25.0,49.0,0
911,1280,8122,4.0,49.0,1
912,2073,3520,7.0,48.9,0
913,1182,29230,10.0,48.9,0
914,743,31238,8.0,48.9,0
915,1119,23885,3.0,48.9,0
916,1173,19641,25.0,48.9,0
917,1794,3991,4.0,48.8,1
918,435,11613,3.0,48.8,0
919,1857,4842,7.0,48.8,0
920,542,28562,25.0,48.8,0
921,1233,26068,6.0,48.8,0
922,1879,26801,25.0,48.8,0
923,301,11982,16.0,48.8,0
924,653,10952,8.0,48.699999999999996,0
925,1689,18698,2.0,48.6,0
926,1946,23734,4.0,48.6,0
927,1104,20607,5.0,48.5,0
928,270,21728,10.0,48.5,0
929,905,26985,3.0,48.5,0
930,302,28370,25.0,48.4,0
931,659,1670,2.0,48.4,0
932,1533,31402,25.0,48.3,0
933,1658,25995,6.0,48.3,1
934,1082,18101,6.0,48.3,0
935,1437,9098,10.0,48.3,0
936,1887,15851,6.0,48.199999999999996,0
937,1517,2715,5.0,48.199999999999996,1
938,1300,6402,3.0,48.199999999999996,0
939,728,20169,3.0,48.199999999999996,0
940,845,15483,25.0,48.1,0
941,865,14658,17.0,48.1,0
942,1457,24998,3.0,48.1,0
943,1992,8243,6.0,48.0,0
944,1148,14019,25.0,48.0,0
945,807,10246,17.0,48.0,1
946,1610,24820,5.0,48.0,0
947,67,26493,8.0,48.0,1
948,955,31606,14.0,47.9,1
949,424,19256,4.0,47.9,0
950,1532,14816,25.0,47.8,0
951,445,16705,6.0,47.8,0
952,73,16230,1.0,47.699999999999996,0
953,1097,2682,3.0,47.699999999999996,0
954,1699,11391,25.0,47.699999999999996,0
955,1869,11901,5.0,47.599999999999994,1
956,1324,29074,7.0,47.5,0
957,1278,5381,3.0,47.5,0
958,25,19139,15.0,47.5,0
959,451,9040,3.0,47.4,0
960,1066,5113,0.5,47.4,0
961,911,25866,7.0,47.4,1
962,1315,9209,0.5,47.3,0
963,1320,30512,25.0,47.3,1
964,511,10873,3.0,47.3,1
965,87,2539,10.0,47.3,0
966,1531,7156,6.0,47.3,0
967,552,13748,17.0,47.3,0
968,618,22140,3.0,47.199999999999996,0
969,1433,26448,13.0,47.199999999999996,0
970,1980,15095,7.0,47.199999999999996,0
971,1557,32353,25.0,47.199999999999996,0
972,1264,22303,11.0,47.099999999999994,0
973,1655,5265,9.0,47.099999999999994,0
974,950,25612,25.0,47.0,0
975,582,2107,14.0,47.0,1
976,2057,11855,5.0,46.9,0
977,381,26370,25.0,46.7,0
978,2033,30796,6.0,46.7,0
979,567,27307,9.0,46.7,0
980,2029,11404,5.0,46.7,0
981,1799,22200,6.0,46.6,0
982,1132,6356,19.0,46.6,1
983,684,4917,5.0,46.6,0
984,2095,5650,8.0,46.5,0
985,1823,7148,25.0,46.5,0
986,1441,27376,6.0,46.5,1
987,1186,19032,16.0,46.400000000000006,0
988,404,2063,7.0,46.400000000000006,0
989,1826,17225,3.0,46.400000000000006,0
990,487,5956,6.0,46.400000000000006,0
991,917,32000,25.0,46.300000000000004,0
992,1268,15307,10.0,46.300000000000004,1
993,2103,7522,9.0,46.2,1
994,1115,11842,3.0,46.2,0
995,458,20286,10.0,46.1,0
996,734,9105,4.0,46.1,1
997,840,250,8.0,46.0,0
998,1340,31668,12.0,46.0,0
999,379,22814,25.0,46.0,0
1000,130,5189,0.5,45.9,1
1001,1870,8170,9.0,45.9,0
1002,470,32156,14.0,45.800000000000004,0
1003,104,20453,3.0,45.800000000000004,0
1004,1140,15586,11.0,45.800000000000004,0
1005,1026,4899,25.0,45.7,1
1006,202,8401,6.0,45.7,0
1007,331,7770,2.0,45.7,0
1008,1238,19653,5.0,45.6,0
1009,174,1850,1.0,45.6,0
1010,1381,13140,16.0,45.5,0
1011,628,6058,15.0,45.4,0
1012,62,9561,19.0,45.4,0
1013,438,4062,10.0,45.4,0
1014,1091,11339,8.0,45.300000000000004,1
1015,603,11800,4.0,45.300000000000004,0
1016,868,18544,6.0,45.2,1
1017,1183,16972,6.0,45.2,0
1018,1873,10217,8.0,45.2,0
1019,333,30486,4.0,45.2,0
1020,860,26895,6.0,45.2,0
1021,1041,6689,5.0,45.1,0
1022,1940,16023,9.0,45.1,0
1023,1523,18322,7.0,45.1,0
1024,1536,5266,13.0,45.1,0
1025,475,12115,25.0,45.1,0
1026,340,15564,14.0,45.0,0
1027,1279,16782,25.0,45.0,0
1028,2117,21500,7.0,45.0,0
1029,830,2926,25.0,45.0,1
1030,1029,14156,6.0,44.9,0
1031,330,19243,19.0,44.9,0
1032,273,27184,25.0,44.9,0
1033,1856,19543,4.0,44.800000000000004,0
1034,1865,22858,0.5,44.800000000000004,0
1035,1080,7903,10.0,44.7,0
1036,46,6312,25.0,44.6,1
1037,616,31019,4.0,44.6,0
1038,2074,23948,3.0,44.6,0
1039,516,9993,4.0,44.5,0
1040,1759,27456,4.0,44.5,0
1041,956,5800,15.0,44.4,0
1042,2118,33225,14.0,44.4,0
1043,646,6427,25.0,44.4,0
1044,1232,20956,9.0,44.3,0
1045,471,14110,4.0,44.3,0
1046,1482,4889,5.0,44.3,0
1047,1048,14904,5.0,44.3,0
1048,2014,9806,15.0,44.2,0
1049,1271,11327,12.0,44.2,0
1050,1117,26309,14.0,44.2,0
1051,898,6167,14.0,44.1,0
1052,1292,11667,9.0,44.0,0
1053,380,23233,0.5,44.0,0
1054,1146,9237,17.0,43.9,0
1055,1052,23554,0.5,43.8,0
1056,327,10348,18.0,43.7,0
1057,119,4926,1.0,43.7,0
1058,1580,12674,10.0,43.6,0
1059,1005,28972,6.0,43.6,1
1060,1664,30859,10.0,43.5,0
1061,660,16104,0.5,43.4,0
1062,2113,10726,6.0,43.4,0
1063,1853,25106,25.0,43.3,0
1064,114,17034,5.0,43.2,1
1065,707,27543,25.0,43.2,0
1066,680,27124,25.0,43.1,0
1067,48,14685,3.0,43.1,0
1068,859,31613,25.0,43.0,0
1069,871,13089,5.0,43.0,0
1070,767,6620,11.0,43.0,0
1071,1306,471,8.0,42.9,0
1072,514,22366,13.0,42.9,1
1073,338,26411,2.0,42.8,0
1074,1124,21496,6.0,42.8,0
1075,1782,2120,5.0,42.8,1
1076,1648,11148,8.0,42.699999999999996,0
1077,613,2535,25.0,42.699999999999996,0
1078,1710,9700,4.0,42.699999999999996,0
1079,420,8349,18.0,42.6,0
1080,2043,545,6.0,42.6,0
1081,666,3617,25.0,42.5,0
1082,1697,30846,25.0,42.5,1
1083,354,20269,12.0,42.5,0
1084,1500,25371,25.0,42.4,0
1085,657,23488,17.0,42.4,1
1086,265,16713,13.0,42.4,1
1087,1955,15144,4.0,42.3,0
1088,1797,24642,8.0,42.3,0
1089,448,32650,3.0,42.199999999999996,0
1090,1159,10829,10.0,42.199999999999996,0
1091,913,5380,17.0,42.199999999999996,0
1092,392,4037,25.0,42.1,1
1093,1802,20321,9.0,42.1,0
1094,1967,17153,7.0,42.1,0
1095,1319,18940,11.0,42.1,0
1096,1141,17424,9.0,42.1,0
1097,1431,8107,10.0,42.1,0
1098,156,32981,25.0,42.1,0
1099,1446,27771,25.0,42.1,0
1100,71,13539,13.0,42.0,0
1101,1289,1276,6.0,41.9,0
1102,1590,6398,25.0,41.9,0
1103,915,26651,25.0,41.8,0
1104,1483,22974,25.0,41.8,1
1105,1858,12874,2.0,41.8,0
1106,1827,28163,16.0,41.699999999999996,0
1107,1552,3635,2.0,41.699999999999996,0
1108,1978,21845,2.0,41.699999999999996,0
1109,781,6092,25.0,41.6,0
1110,1831,1026,11.0,41.6,0
1111,1930,23024,7.0,41.5,0
1112,817,675,25.0,41.5,0
1113,206,17205,25.0,41.5,0
1114,2008,21936,5.0,41.5,0
1115,1267,7519,8.0,41.5,0
1116,742,14773,8.0,41.5,0
1117,311,1517,8.0,41.4,0
1118,2050,25890,6.0,41.4,0
1119,631,23803,5.0,41.4,1
1120,132,770,25.0,41.4,0
1121,1137,1206,13.0,41.4,0
1122,40,20178,13.0,41.199999999999996,0
1123,914,20045,6.0,41.199999999999996,0
1124,981,11956,2.0,41.199999999999996,1
1125,2100,32113,14.0,41.199999999999996,0
1126,1951,19752,9.0,41.099999999999994,0
1127,1828,16164,13.0,41.099999999999994,0
1128,1487,21511,4.0,41.099999999999994,0
1129,1499,17194,11.0,41.099999999999994,0
1130,1833,12413,11.0,41.0,1
1131,1468,21023,0.5,41.0,0
1132,2120,9772,5.0,41.0,0
1133,1554,2326,7.0,41.0,1
1134,607,4082,25.0,40.9,0
1135,1458,15853,9.0,40.8,0
1136,1016,12829,16.0,40.8,0
1137,1834,17269,11.0,40.8,0
1138,3,27385,11.0,40.8,0
1139,1239,8447,2.0,40.699999999999996,1
1140,257,6694,19.0,40.699999999999996,0
1141,1702,14638,4.0,40.6,0
1142,384,319,14.0,40.400000000000006,0
1143,529,20756,3.0,40.400000000000006,1
1144,1142,19783,16.0,40.300000000000004,1
1145,725,32320,17.0,40.300000000000004,0
1146,1138,14412,3.0,40.300000000000004,1
1147,1910,12136,14.0,40.2,0
1148,362,31072,25.0,40.2,0
1149,243,28968,2.0,40.2,0
1150,737,2656,8.0,40.2,0
1151,500,30388,7.0,40.2,0
1152,2096,6590,12.0,40.2,0
1153,627,11646,8.0,40.1,0
1154,361,24739,10.0,40.1,0
1155,1023,1097,12.0,40.1,0
1156,1460,27390,3.0,40.1,0
1157,1293,3890,6.0,40.0,0
1158,1723,31441,15.0,39.900000000000006,0
1159,515,11762,0.5,39.900000000000006,0
1160,125,4417,9.0,39.900000000000006,0
1161,2072,23078,3.0,39.900000000000006,0
1162,41,25855,4.0,39.800000000000004,0
1163,210,15457,17.0,39.800000000000004,0
1164,1900,30,10.0,39.800000000000004,0
1165,76,21833,20.0,39.800000000000004,1
1166,967,1274,9.0,39.800000000000004,0
1167,1461,21976,25.0,39.7,0
1168,1700,13823,5.0,39.7,0
1169,772,1304,12.0,39.7,0
1170,255,21636,25.0,39.7,0
1171,695,853,10.0,39.6,0
1172,1708,6963,14.0,39.6,0
1173,1428,19556,7.0,39.6,0
1174,1269,24683,17.0,39.5,0
1175,676,19332,16.0,39.5,0
1176,57,10418,7.0,39.5,0
1177,1743,9083,10.0,39.5,1
1178,1436,21246,15.0,39.5,0
1179,1677,7347,0.5,39.5,0
1180,524,5932,6.0,39.4,0
1181,337,10803,25.0,39.4,0
1182,1249,13030,10.0,39.4,0
1183,357,29652,1.0,39.4,0
1184,1634,11770,17.0,39.300000000000004,0
1185,1093,22881,25.0,39.2,0
1186,298,9894,3.0,39.2,0
1187,799,8578,2.0,39.2,0
1188,1444,16955,25.0,39.1,0
1189,640,25171,3.0,39.1,0
1190,1199,30546,4.0,39.1,0
1191,788,2582,25.0,39.1,0
1192,2005,10304,10.0,39.0,1
1193,1108,19996,3.0,39.0,0
1194,2128,12215,15.0,38.9,0
1195,904,27220,9.0,38.9,0
1196,1094,29667,16.0,38.9,0
1197,863,146,9.0,38.9,0
1198,544,4114,10.0,38.7,0
1199,242,15221,2.0,38.7,0
1200,578,3848,13.0,38.6,0
1201,1659,12288,4.0,38.5,0
1202,716,21786,6.0,38.5,0
1203,636,22359,4.0,38.5,0
1204,399,8471,7.0,38.5,0
1205,245,3210,17.0,38.4,0
1206,2044,13114,6.0,38.4,0
1207,17,7463,2.0,38.4,1
1208,423,26563,9.0,38.4,0
1209,1475,288,15.0,38.4,0
1210,806,17610,8.0,38.3,0
1211,929,13047,12.0,38.2,0
1212,1071,20663,3.0,38.2,0
1213,1395,32521,5.0,38.1,1
1214,1945,13419,5.0,38.1,0
1215,1018,33108,14.0,38.1,0
1216,1745,5709,17.0,38.1,1
1217,1360,12374,16.0,38.1,1
1218,1371,4393,4.0,38.1,1
1219,1671,15911,5.0,38.1,0
1220,1359,33300,15.0,38.0,1
1221,1061,31896,15.0,38.0,0
1222,1776,5005,2.0,38.0,0
1223,463,10843,8.0,38.0,0
1224,1791,8982,14.0,37.9,0
1225,699,3218,16.0,37.9,0
1226,1845,7416,3.0,37.9,1
1227,1120,27278,11.0,37.8,0
1228,378,4745,5.0,37.8,0
1229,1105,10429,15.0,37.8,0
1230,562,27606,14.0,37.8,0
1231,972,29171,14.0,37.8,0
1232,1957,14132,10.0,37.8,0
1233,519,976,7.0,37.7,0
1234,1184,25730,17.0,37.7,1
1235,2019,16728,4.0,37.7,0
1236,814,6464,13.0,37.6,1
1237,1463,14285,2.0,37.6,0
1238,883,5002,5.0,37.6,0
1239,1578,8042,15.0,37.6,0
1240,216,13037,8.0,37.6,0
1241,1333,14255,10.0,37.6,0
1242,1736,17920,5.0,37.5,1
1243,323,30046,5.0,37.5,0
1244,997,2018,5.0,37.5,0
1245,771,9740,25.0,37.4,0
1246,1127,28629,3.0,37.3,0
1247,1439,3889,4.0,37.3,0
1248,979,20437,9.0,37.3,0
1249,1943,18822,9.0,37.3,0
1250,1607,19158,25.0,37.2,1
1251,111,33177,11.0,37.2,0
1252,1036,33234,0.5,37.1,1
1253,1964,5130,8.0,37.1,0
1254,780,18104,25.0,37.1,0
1255,1447,25918,13.0,37.1,0
1256,1492,22320,25.0,37.0,0
1257,890,28671,4.0,37.0,0
1258,486,23700,25.0,37.0,0
1259,1456,29890,16.0,37.0,0
1260,230,32553,12.0,37.0,0
1261,713,11734,6.0,36.9,0
1262,1701,25931,3.0,36.9,0
1263,1479,27108,25.0,36.9,0
1264,2025,4274,5.0,36.9,1
1265,1714,31870,1.0,36.9,1
1266,1795,3307,14.0,36.8,0
1267,554,10636,12.0,36.8,0
1268,1393,19726,6.0,36.8,0
1269,1712,22737,7.0,36.8,0
1270,1718,19471,25.0,36.7,0
1271,1944,17720,3.0,36.7,1
1272,1452,20918,9.0,36.7,0
1273,1,9858,5.0,36.7,0
1274,1164,24725,4.0,36.7,0
1275,480,6834,5.0,36.7,0
1276,2090,26483,4.0,36.7,1
1277,1742,27854,25.0,36.6,0
1278,1960,11638,25.0,36.6,0
1279,2084,16216,19.0,36.6,0
1280,1219,10682,4.0,36.6,0
1281,751,31098,3.0,36.5,1
1282,1242,613,10.0,36.5,0
1283,939,3880,2.0,36.5,0
1284,1110,4955,4.0,36.4,0
1285,624,22525,25.0,36.4,0
1286,642,18138,9.0,36.4,0
1287,1898,22746,3.0,36.4,0
1288,1605,29341,17.0,36.3,0
1289,1305,32693,12.0,36.3,0
1290,35,25608,17.0,36.3,0
1291,1737,14932,7.0,36.3,0
1292,1254,3879,9.0,36.3,0
1293,1412,16831,25.0,36.199999999999996,0
1294,163,10021,5.0,36.199999999999996,0
1295,1904,20154,25.0,36.199999999999996,0
1296,710,5056,25.0,36.199999999999996,0
1297,2086,17295,11.0,36.199999999999996,0
1298,540,30502,9.0,36.1,0
1299,263,24295,10.0,36.1,0
1300,617,21012,6.0,36.1,0
1301,10,10856,25.0,36.0,0
1302,2127,7873,7.0,36.0,0
1303,1956,26541,4.0,35.9,0
1304,1514,17703,25.0,35.9,0
1305,2002,4879,25.0,35.9,0
1306,1034,852,16.0,35.9,0
1307,1680,6452,9.0,35.9,0
1308,282,8232,17.0,35.9,0
1309,1660,25411,3.0,35.9,0
1310,1235,32956,4.0,35.8,0
1311,447,7508,25.0,35.8,0
1312,1588,5841,25.0,35.699999999999996,0
1313,637,27610,9.0,35.699999999999996,0
1314,146,3587,7.0,35.699999999999996,0
1315,1423,31485,5.0,35.699999999999996,0
1316,1847,26859,7.0,35.699999999999996,0
1317,1525,25544,12.0,35.6,0
1318,342,14172,25.0,35.6,0
1319,1598,9918,11.0,35.6,0
1320,580,13103,13.0,35.6,0
1321,1684,8043,16.0,35.6,0
1322,1215,2209,25.0,35.6,0
1323,377,22829,25.0,35.5,0
1324,1675,6865,2.0,35.5,1
1325,1894,17669,11.0,35.5,0
1326,714,16675,5.0,35.5,0
1327,1205,13836,15.0,35.5,0
1328,1008,25726,3.0,35.4,0
1329,54,2222,14.0,35.4,0
1330,499,16941,5.0,35.4,0
1331,182,7470,7.0,35.3,0
1332,503,16203,9.0,35.199999999999996,0
1333,484,32027,25.0,35.099999999999994,0
1334,1519,15158,5.0,35.0,0
1335,1168,23084,14.0,35.0,0
1336,309,24681,25.0,35.0,0
1337,1471,7346,5.0,35.0,1
1338,517,31464,3.0,35.0,0
1339,1322,16577,5.0,35.0,0
1340,778,31333,25.0,34.8,0
1341,977,9106,25.0,34.8,0
1342,1991,23210,5.0,34.8,1
1343,1489,10308,1.0,34.699999999999996,1
1344,1564,14515,25.0,34.699999999999996,1
1345,1694,21257,25.0,34.699999999999996,0
1346,870,6361,7.0,34.699999999999996,0
1347,776,22641,13.0,34.699999999999996,0
1348,1692,9664,8.0,34.699999999999996,0
1349,32,22849,9.0,34.699999999999996,0
1350,1343,11481,12.0,34.599999999999994,0
1351,1047,10640,13.0,34.599999999999994,0
1352,1068,30645,11.0,34.599999999999994,0
1353,1024,31984,25.0,34.5,0
1354,1513,4581,5.0,34.5,1
1355,1059,19260,12.0,34.5,0
1356,1090,30475,25.0,34.5,0
1357,1719,22338,25.0,34.5,1
1358,832,29537,11.0,34.4,0
1359,502,9840,8.0,34.4,0
1360,274,28845,14.0,34.4,0
1361,1832,8049,25.0,34.4,0
1362,1530,17675,5.0,34.4,0
1363,564,6793,9.0,34.4,0
1364,1107,21189,9.0,34.4,0
1365,2071,30903,25.0,34.300000000000004,1
1366,400,5367,3.0,34.300000000000004,0
1367,1208,27512,5.0,34.300000000000004,0
1368,1767,1055,17.0,34.300000000000004,0
1369,999,23288,19.0,34.300000000000004,0
1370,2036,21726,14.0,34.300000000000004,0
1371,526,20833,13.0,34.300000000000004,0
1372,1248,8562,7.0,34.2,0
1373,1668,5934,3.0,34.2,0
1374,944,1123,16.0,34.2,0
1375,1939,16816,18.0,34.1,0
1376,82,25909,15.0,34.1,0
1377,1002,3127,9.0,34.1,0
1378,1209,22507,8.0,34.1,1
1379,2058,14062,14.0,34.1,0
1380,376,6560,16.0,34.0,0
1381,1252,30777,25.0,34.0,0
1382,171,10050,10.0,34.0,0
1383,143,9789,25.0,34.0,0
1384,387,18400,9.0,34.0,0
1385,785,16309,0.5,33.900000000000006,0
1386,656,21152,3.0,33.900000000000006,0
1387,61,20943,25.0,33.900000000000006,0
1388,811,11212,15.0,33.900000000000006,0
1389,52,25891,25.0,33.900000000000006,0
1390,1136,28864,25.0,33.800000000000004,0
1391,682,22310,5.0,33.800000000000004,0
1392,1862,29603,9.0,33.800000000000004,0
1393,464,9706,10.0,33.800000000000004,0
1394,1303,15411,12.0,33.800000000000004,0
1395,651,818,25.0,33.800000000000004,0
1396,1172,129,25.0,33.800000000000004,0
1397,533,31483,14.0,33.800000000000004,0
1398,1936,10167,2.0,33.7,0
1399,1339,7032,1.0,33.7,0
1400,1476,27281,8.0,33.7,0
1401,1923,27389,16.0,33.7,0
1402,894,7499,5.0,33.7,0
1403,1394,6191,2.0,33.6,1
1404,1897,29259,25.0,33.6,0
1405,1863,28292,6.0,33.6,0
1406,110,29339,15.0,33.6,0
1407,1735,27059,25.0,33.6,0
1408,496,23766,6.0,33.5,0
1409,1454,11283,25.0,33.5,0
1410,1647,8426,5.0,33.5,0
1411,390,15829,25.0,33.4,0
1412,1505,23968,20.0,33.4,0
1413,285,28620,5.0,33.4,0
1414,584,2998,4.0,33.4,0
1415,1123,9997,7.0,33.4,0
1416,1665,15521,14.0,33.4,0
1417,1032,691,25.0,33.300000000000004,0
1418,1430,1175,5.0,33.300000000000004,0
1419,1051,11912,5.0,33.300000000000004,1
1420,1958,2580,11.0,33.2,0
1421,906,23667,9.0,33.2,0
1422,58,9766,5.0,33.2,0
1423,462,1249,10.0,33.2,0
1424,1747,11845,7.0,33.1,0
1425,456,4052,25.0,33.1,0
1426,1582,22099,25.0,33.1,0
1427,1025,172,25.0,33.1,1
1428,1732,26576,4.0,33.1,0
1429,1724,13175,9.0,33.0,0
1430,426,27521,11.0,33.0,1
1431,1121,32853,25.0,32.9,0
1432,1843,13220,6.0,32.9,0
1433,1017,24246,12.0,32.9,0
1434,193,16158,7.0,32.9,0
1435,296,18285,12.0,32.9,1
1436,1594,8514,17.0,32.9,0
1437,1311,11514,11.0,32.9,0
1438,51,20142,10.0,32.9,0
1439,394,10171,25.0,32.800000000000004,0
1440,984,23795,4.0,32.800000000000004,0
1441,2004,28680,10.0,32.800000000000004,0
1442,1019,5484,25.0,32.800000000000004,0
1443,1096,15094,9.0,32.800000000000004,0
1444,2059,952,7.0,32.800000000000004,1
1445,1534,12759,8.0,32.800000000000004,0
1446,1027,19171,25.0,32.800000000000004,0
1447,414,13869,25.0,32.800000000000004,0
1448,1796,4343,25.0,32.800000000000004,0
1449,1375,9291,15.0,32.7,0
1450,1352,14767,3.0,32.7,1
1451,1020,20725,9.0,32.7,0
1452,2061,25255,18.0,32.6,0
1453,1921,8411,25.0,32.6,0
1454,2026,18287,8.0,32.6,0
1455,1734,25181,9.0,32.6,0
1456,1207,27949,19.0,32.6,1
1457,4,27724,25.0,32.6,1
1458,1287,23172,7.0,32.6,0
1459,1551,32243,10.0,32.5,0
1460,373,25341,12.0,32.5,0
1461,1840,24947,5.0,32.5,0
1462,1563,31826,25.0,32.5,0
1463,1837,11644,8.0,32.5,0
1464,1405,9586,4.0,32.4,0
1465,991,30719,4.0,32.4,0
1466,1374,17074,9.0,32.4,0
1467,501,5861,16.0,32.4,0
1468,523,29300,25.0,32.4,0
1469,940,25297,7.0,32.300000000000004,0
1470,370,8849,25.0,32.300000000000004,0
1471,677,9564,9.0,32.300000000000004,0
1472,752,4053,25.0,32.300000000000004,0
1473,1498,5083,9.0,32.2,1
1474,990,6400,4.0,32.2,1
1475,207,12990,16.0,32.2,0
1476,1056,12151,5.0,32.2,1
1477,965,5514,10.0,32.2,0
1478,147,1167,15.0,32.1,0
1479,2121,27163,16.0,32.1,0
1480,1075,1250,8.0,32.1,0
1481,2081,21057,9.0,32.1,0
1482,425,25579,7.0,32.1,0
1483,34,28610,25.0,32.1,0
1484,1783,28293,3.0,32.0,0
1485,1496,30538,16.0,31.900000000000002,1
1486,1808,30466,4.0,31.900000000000002,0
1487,1622,28427,16.0,31.900000000000002,0
1488,1567,30103,17.0,31.900000000000002,0
1489,2108,19499,2.0,31.900000000000002,0
1490,1472,25958,12.0,31.8,0
1491,43,22753,25.0,31.8,0
1492,945,9149,18.0,31.8,0
1493,1326,31796,2.0,31.8,0
1494,37,19644,25.0,31.7,1
1495,665,20235,17.0,31.7,1
1496,747,32369,11.0,31.7,0
1497,1198,28365,10.0,31.6,1
1498,928,17018,6.0,31.6,0
1499,872,23426,13.0,31.6,0
1500,869,28874,3.0,31.6,0
1501,1368,80,12.0,31.6,0
1502,421,6179,10.0,31.5,0
1503,1282,13883,9.0,31.5,0
1504,1390,32710,25.0,31.5,0
1505,566,18261,8.0,31.5,0
1506,329,19058,15.0,31.4,0
1507,583,30974,25.0,31.4,0
1508,1406,6444,16.0,31.4,0
1509,2035,26679,15.0,31.4,0
1510,787,27693,18.0,31.4,0
1511,83,31266,9.0,31.4,1
1512,401,5576,5.0,31.4,0
1513,593,21188,1.0,31.4,1
1514,1850,25173,5.0,31.4,0
1515,835,33112,9.0,31.4,0
1516,1842,1346,7.0,31.4,0
1517,678,5685,25.0,31.3,0
1518,1550,28630,11.0,31.3,0
1519,1043,32259,15.0,31.3,0
1520,512,24570,25.0,31.2,0
1521,1848,13498,25.0,31.2,0
1522,452,12854,8.0,31.2,0
1523,1920,20514,25.0,31.2,0
1524,1649,22661,4.0,31.1,0
1525,685,19102,19.0,31.1,0
1526,953,3543,25.0,31.1,0
1527,1070,16525,7.0,31.1,0
1528,310,16210,10.0,31.1,0
1529,78,4334,9.0,31.1,0
1530,635,17342,16.0,31.1,1
1531,655,32029,20.0,31.0,0
1532,1177,21822,6.0,31.0,0
1533,2010,25713,18.0,31.0,0
1534,440,26433,9.0,31.0,0
1535,133,30913,25.0,30.9,0
1536,1217,28498,4.0,30.9,0
1537,262,12617,11.0,30.9,0
1538,1234,20179,6.0,30.9,0
1539,1334,11728,10.0,30.8,0
1540,1547,185,4.0,30.8,0
1541,1657,8539,15.0,30.8,0
1542,1942,28220,25.0,30.8,0
1543,1612,32022,6.0,30.8,0
1544,123,22682,2.0,30.7,0
1545,150,31594,25.0,30.7,0
1546,1337,25241,25.0,30.7,0
1547,820,8484,25.0,30.7,0
1548,1011,31245,10.0,30.7,1
1549,1962,22168,25.0,30.7,1
1550,844,12581,3.0,30.599999999999998,0
1551,1459,14581,2.0,30.599999999999998,0
1552,434,24544,25.0,30.5,0
1553,467,1148,11.0,30.5,0
1554,1878,31473,17.0,30.5,1
1555,1400,14741,25.0,30.5,0
1556,350,7615,25.0,30.5,0
1557,1351,5780,11.0,30.5,0
1558,793,7942,1.0,30.4,1
1559,662,29781,4.0,30.4,0
1560,155,12443,6.0,30.4,0
1561,961,7636,9.0,30.4,0
1562,1825,2196,10.0,30.4,0
1563,1583,6314,5.0,30.4,0
1564,1103,12810,11.0,30.4,0
1565,1440,268,25.0,30.4,0
1566,50,25906,19.0,30.4,0
1567,1379,29159,25.0,30.4,0
1568,116,21318,9.0,30.4,0
1569,1284,24268,11.0,30.4,0
1570,191,8377,13.0,30.4,0
1571,822,29414,5.0,30.3,0
1572,1645,14264,25.0,30.3,0
1573,608,31959,9.0,30.3,0
1574,1241,4066,25.0,30.3,0
1575,1652,1443,4.0,30.3,0
1576,1696,29283,15.0,30.3,0
1577,495,1864,8.0,30.3,0
1578,1147,26656,9.0,30.3,0
1579,1995,437,10.0,30.2,1
1580,847,15726,25.0,30.2,0
1581,2114,6294,25.0,30.2,0
1582,933,14621,11.0,30.2,0
1583,63,4271,5.0,30.099999999999998,0
1584,1875,13722,25.0,30.099999999999998,0
1585,1204,6465,19.0,30.099999999999998,0
1586,1386,16050,25.0,30.099999999999998,0
1587,1889,18825,25.0,30.099999999999998,0
1588,1349,25329,10.0,30.099999999999998,0
1589,1864,423,7.0,30.099999999999998,0
1590,1484,28176,25.0,30.099999999999998,0
1591,2085,28349,6.0,30.099999999999998,0
1592,145,9184,3.0,30.0,0
1593,790,17526,3.0,30.0,0
1594,2027,25062,25.0,30.0,0
1595,1672,32996,13.0,30.0,0
1596,1055,19240,15.0,30.0,0
1597,2062,14684,12.0,30.0,0
1598,1915,7813,17.0,29.9,0
1599,572,115,12.0,29.9,0
1600,530,11541,9.0,29.9,0
1601,1682,12946,5.0,29.9,1
1602,77,30632,12.0,29.9,0
1603,1979,16135,12.0,29.9,0
1604,1539,667,25.0,29.9,0
1605,1079,8587,16.0,29.799999999999997,0
1606,1341,22870,8.0,29.799999999999997,0
1607,726,15441,18.0,29.799999999999997,0
1608,1619,7281,4.0,29.799999999999997,0
1609,740,9630,25.0,29.799999999999997,0
1610,1224,25737,5.0,29.799999999999997,0
1611,1524,23189,16.0,29.799999999999997,0
1612,674,18128,10.0,29.7,0
1613,606,6935,25.0,29.7,1
1614,749,10721,10.0,29.7,0
1615,1382,8903,9.0,29.7,0
1616,187,31693,25.0,29.7,0
1617,1888,301,9.0,29.7,0
1618,1838,28377,14.0,29.7,0
1619,102,16658,16.0,29.599999999999998,0
1620,1128,31388,7.0,29.599999999999998,0
1621,2023,33236,13.0,29.599999999999998,0
1622,26,9548,25.0,29.599999999999998,0
1623,598,16125,19.0,29.599999999999998,0
1624,2101,3787,14.0,29.4,0
1625,1432,2768,6.0,29.4,0
1626,42,32126,16.0,29.299999999999997,0
1627,1854,11730,17.0,29.299999999999997,0
1628,1595,3862,25.0,29.299999999999997,0
1629,220,6048,15.0,29.299999999999997,0
1630,166,31410,25.0,29.299999999999997,0
1631,1342,13142,25.0,29.299999999999997,0
1632,907,7793,8.0,29.299999999999997,0
1633,106,33080,25.0,29.299999999999997,0
1634,816,19350,14.0,29.299999999999997,0
1635,551,15527,6.0,29.2,0
1636,877,23116,2.0,29.2,0
1637,1283,21673,7.0,29.2,0
1638,1453,22940,7.0,29.2,1
1639,2030,13232,14.0,29.2,0
1640,437,28251,3.0,29.099999999999998,0
1641,1491,12676,12.0,29.099999999999998,0
1642,874,9649,16.0,29.099999999999998,0
1643,1099,2954,25.0,29.099999999999998,0
1644,629,30892,3.0,29.099999999999998,0
1645,99,13988,16.0,28.999999999999996,1
1646,229,26289,3.0,28.999999999999996,0
1647,1312,28290,25.0,28.999999999999996,0
1648,892,31775,25.0,28.999999999999996,0
1649,1540,3027,25.0,28.999999999999996,0
1650,408,23064,10.0,28.999999999999996,0
1651,1062,17673,9.0,28.999999999999996,0
1652,1574,32374,11.0,28.9,0
1653,1314,28584,6.0,28.9,0
1654,1187,6154,9.0,28.9,0
1655,2094,7877,25.0,28.9,0
1656,750,407,10.0,28.9,0
1657,407,10560,25.0,28.799999999999997,0
1658,709,2852,16.0,28.799999999999997,0
1659,2098,25639,17.0,28.799999999999997,0
1660,882,3291,25.0,28.799999999999997,0
1661,1077,3673,15.0,28.799999999999997,1
1662,848,17117,11.0,28.7,0
1663,1497,29321,20.0,28.7,0
1664,1297,6413,3.0,28.7,0
1665,1757,15159,4.0,28.7,0
1666,758,19966,25.0,28.7,0
1667,942,1886,25.0,28.599999999999998,0
1668,1192,19202,7.0,28.599999999999998,0
1669,1109,24837,5.0,28.599999999999998,0
1670,395,1937,25.0,28.599999999999998,0
1671,356,19946,25.0,28.599999999999998,1
1672,760,19508,16.0,28.599999999999998,0
1673,236,412,17.0,28.599999999999998,0
1674,134,14566,7.0,28.599999999999998,0
1675,604,180,2.0,28.599999999999998,0
1676,320,13197,25.0,28.499999999999996,1
1677,1033,15225,5.0,28.499999999999996,0
1678,1877,5029,15.0,28.499999999999996,0
1679,885,6281,5.0,28.499999999999996,0
1680,1606,31465,25.0,28.4,0
1681,1194,3606,7.0,28.4,0
1682,228,15266,7.0,28.4,0
1683,1715,25263,17.0,28.4,0
1684,1308,31991,10.0,28.299999999999997,0
1685,1774,25697,19.0,28.299999999999997,1
1686,307,30061,3.0,28.299999999999997,0
1687,574,14353,4.0,28.199999999999996,1
1688,383,11888,25.0,28.199999999999996,0
1689,2022,25696,11.0,28.199999999999996,0
1690,782,17249,25.0,28.1,0
1691,897,29695,25.0,28.1,1
1692,1443,32395,25.0,28.1,0
1693,1150,8304,5.0,28.1,0
1694,994,6225,3.0,28.000000000000004,0
1695,1790,23188,25.0,28.000000000000004,0
1696,746,30587,3.0,28.000000000000004,0
1697,1654,3275,12.0,28.000000000000004,0
1698,1561,16082,8.0,28.000000000000004,0
1699,162,14698,6.0,28.000000000000004,0
1700,1738,2491,16.0,27.900000000000002,0
1701,957,9032,25.0,27.900000000000002,0
1702,485,4806,18.0,27.900000000000002,0
1703,429,11929,25.0,27.900000000000002,0
1704,741,3580,25.0,27.900000000000002,0
1705,988,344,9.0,27.900000000000002,0
1706,1855,21871,7.0,27.900000000000002,1
1707,1402,21015,16.0,27.900000000000002,0
1708,569,11707,25.0,27.900000000000002,1
1709,418,27437,20.0,27.900000000000002,0
1710,280,23235,25.0,27.900000000000002,0
1711,1559,28937,10.0,27.800000000000004,0
1712,94,8373,17.0,27.800000000000004,0
1713,1810,30013,9.0,27.800000000000004,0
1714,1286,31533,6.0,27.800000000000004,0
1715,1158,660,16.0,27.800000000000004,0
1716,240,14539,7.0,27.800000000000004,0
1717,1397,28278,9.0,27.700000000000003,0
1718,784,23515,9.0,27.700000000000003,0
1719,773,28735,13.0,27.700000000000003,0
1720,208,4234,19.0,27.700000000000003,0
1721,74,25300,7.0,27.700000000000003,0
1722,103,10324,25.0,27.700000000000003,0
1723,409,32545,20.0,27.700000000000003,0
1724,672,234,11.0,27.700000000000003,0
1725,36,22139,25.0,27.700000000000003,0
1726,853,9800,25.0,27.700000000000003,1
1727,1867,26195,25.0,27.700000000000003,0
1728,563,33052,15.0,27.6,0
1729,2106,19218,16.0,27.6,0
1730,1685,4063,25.0,27.6,0
1731,1348,5296,12.0,27.6,0
1732,1464,7784,10.0,27.6,0
1733,1114,28090,9.0,27.6,0
1734,654,16331,16.0,27.500000000000004,0
1735,1971,19744,14.0,27.500000000000004,0
1736,1803,13470,25.0,27.500000000000004,0
1737,1972,32698,4.0,27.500000000000004,0
1738,199,28302,5.0,27.500000000000004,0
1739,1227,28733,25.0,27.500000000000004,0
1740,371,4773,25.0,27.500000000000004,0
1741,290,15550,3.0,27.500000000000004,0
1742,205,1466,25.0,27.500000000000004,0
1743,1122,3264,25.0,27.500000000000004,0
1744,2000,17066,19.0,27.400000000000002,0
1745,1698,24670,15.0,27.3,0
1746,1599,10162,15.0,27.3,0
1747,2109,13962,20.0,27.3,0
1748,1941,12059,10.0,27.3,0
1749,1676,30679,7.0,27.3,0
1750,592,2340,7.0,27.3,0
1751,386,5298,10.0,27.3,0
1752,217,30196,2.0,27.200000000000003,0
1753,1728,20900,3.0,27.200000000000003,0
1754,507,4004,1.0,27.200000000000003,0
1755,1260,8491,11.0,27.200000000000003,0
1756,1849,17659,25.0,27.200000000000003,0
1757,120,3,6.0,27.200000000000003,0
1758,1313,11473,17.0,27.200000000000003,0
1759,1690,24582,16.0,27.1,0
1760,332,15910,15.0,27.1,0
1761,251,3486,14.0,27.1,0
1762,1084,3619,5.0,27.1,0
1763,1347,29223,2.0,27.1,0
1764,359,24340,9.0,27.1,0
1765,468,31284,25.0,27.1,0
1766,1615,29243,0.5,27.1,0
1767,2051,22037,20.0,27.0,0
1768,1088,1406,14.0,27.0,0
1769,227,27773,25.0,27.0,0
1770,105,13485,11.0,27.0,0
1771,367,17898,1.0,27.0,0
1772,1521,24660,8.0,27.0,0
1773,1049,5160,6.0,27.0,0
1774,348,9021,25.0,27.0,0
1775,992,26660,25.0,27.0,0
1776,858,24376,2.0,26.900000000000002,0
1777,1424,11330,18.0,26.900000000000002,0
1778,239,8596,4.0,26.900000000000002,0
1779,1243,12437,25.0,26.900000000000002,0
1780,80,28776,25.0,26.900000000000002,0
1781,47,113,6.0,26.900000000000002,0
1782,1562,515,25.0,26.8,0
1783,1922,16798,25.0,26.8,0
1784,916,14077,13.0,26.8,0
1785,690,20571,10.0,26.8,0
1786,1975,7535,25.0,26.8,1
1787,819,24495,25.0,26.8,0
1788,1983,20150,12.0,26.700000000000003,0
1789,1126,11907,25.0,26.700000000000003,0
1790,1003,32360,25.0,26.700000000000003,0
1791,900,19494,25.0,26.700000000000003,0
1792,402,5488,19.0,26.6,0
1793,1212,30907,25.0,26.6,1
1794,531,28084,25.0,26.6,0
1795,317,27417,25.0,26.6,0
1796,1892,17932,2.0,26.6,0
1797,1988,24684,2.0,26.5,0
1798,1893,30260,6.0,26.5,0
1799,127,16873,25.0,26.5,0
1800,1726,734,10.0,26.5,0
1801,1608,26354,25.0,26.400000000000002,0
1802,375,22152,2.0,26.400000000000002,0
1803,281,5403,6.0,26.400000000000002,0
1804,1952,32453,7.0,26.400000000000002,0
1805,1646,29541,9.0,26.400000000000002,0
1806,88,26681,25.0,26.400000000000002,1
1807,597,14292,16.0,26.3,0
1808,1101,24845,14.0,26.3,0
1809,886,11155,5.0,26.3,0
1810,1145,7881,10.0,26.200000000000003,1
1811,661,4158,4.0,26.200000000000003,0
1812,493,7443,8.0,26.200000000000003,0
1813,1416,1678,11.0,26.200000000000003,0
1814,647,27813,16.0,26.200000000000003,0
1815,152,678,25.0,26.1,0
1816,1038,30921,18.0,26.1,0
1817,1568,25100,6.0,26.0,0
1818,1662,27933,11.0,26.0,0
1819,84,7973,14.0,25.900000000000002,0
1820,1503,31615,25.0,25.900000000000002,0
1821,996,7720,11.0,25.900000000000002,0
1822,1501,25629,25.0,25.8,0
1823,1030,31565,25.0,25.8,0
1824,1977,22863,14.0,25.8,0
1825,1467,24815,7.0,25.7,1
1826,1919,12884,20.0,25.7,1
1827,1274,30739,10.0,25.7,0
1828,2070,26151,15.0,25.7,0
1829,744,1633,25.0,25.7,1
1830,611,15570,10.0,25.7,0
1831,893,17944,11.0,25.7,0
1832,509,18979,14.0,25.6,0
1833,765,27699,13.0,25.6,1
1834,135,15634,11.0,25.6,0
1835,508,14620,25.0,25.6,0
1836,1748,14052,9.0,25.5,0
1837,345,20887,6.0,25.5,0
1838,1057,26963,12.0,25.5,0
1839,1994,875,12.0,25.4,1
1840,1663,11273,11.0,25.4,0
1841,183,24781,25.0,25.4,0
1842,224,31131,3.0,25.4,0
1843,1197,30639,8.0,25.4,1
1844,1295,4934,11.0,25.4,0
1845,1054,25072,25.0,25.3,1
1846,303,17047,25.0,25.3,0
1847,1986,3377,6.0,25.3,0
1848,1435,10287,13.0,25.3,0
1849,1356,2436,11.0,25.3,0
1850,1750,33353,15.0,25.3,0
1851,1165,10737,16.0,25.3,0
1852,719,7805,18.0,25.2,0
1853,964,560,25.0,25.2,0
1854,172,21685,15.0,25.2,0
1855,1180,30373,25.0,25.2,0
1856,836,547,12.0,25.1,0
1857,591,31141,16.0,25.1,0
1858,415,28259,13.0,25.1,0
1859,1261,23514,5.0,25.1,0
1860,762,7563,18.0,25.1,0
1861,736,576,25.0,25.1,0
1862,1586,5126,25.0,25.0,0
1863,2077,12756,25.0,25.0,1
1864,90,3852,25.0,25.0,0
1865,433,13170,16.0,25.0,0
1866,1691,19239,11.0,25.0,0
1867,889,14014,14.0,24.9,1
1868,1740,12831,14.0,24.8,0
1869,294,27463,25.0,24.7,0
1870,1095,16517,0.5,24.6,0
1871,724,27909,10.0,24.6,0
1872,1997,18560,20.0,24.6,0
1873,688,13269,7.0,24.6,0
1874,391,15578,14.0,24.5,0
1875,339,31555,7.0,24.4,0
1876,766,3003,9.0,24.4,0
1877,1154,14281,16.0,24.4,0
1878,1111,32766,14.0,24.4,0
1879,1765,18668,11.0,24.3,0
1880,215,23969,25.0,24.3,0
1881,488,2441,25.0,24.3,0
1882,1169,25465,9.0,24.3,0
1883,346,27102,8.0,24.3,0
1884,769,2296,5.0,24.2,0
1885,1602,30294,25.0,24.2,0
1886,1880,18912,4.0,24.2,0
1887,1933,13953,6.0,24.2,0
1888,547,27834,7.0,24.099999999999998,0
1889,1786,14041,16.0,24.099999999999998,0
1890,823,10548,25.0,24.099999999999998,0
1891,954,16419,9.0,24.099999999999998,0
1892,1396,29176,15.0,24.0,0
1893,866,21548,25.0,24.0,0
1894,1445,15027,25.0,24.0,0
1895,1681,19294,7.0,23.9,0
1896,1377,6548,25.0,23.9,0
1897,1403,2010,25.0,23.9,0
1898,1153,8701,25.0,23.9,0
1899,1469,27787,25.0,23.9,0
1900,1073,10049,25.0,23.799999999999997,0
1901,1143,15763,16.0,23.799999999999997,0
1902,1754,16574,18.0,23.7,0
1903,1861,322,3.0,23.7,0
1904,768,4364,9.0,23.7,0
1905,1275,32141,15.0,23.599999999999998,0
1906,1603,31629,19.0,23.5,0
1907,1756,6583,13.0,23.5,0
1908,986,14271,11.0,23.5,0
1909,1298,5817,25.0,23.5,0
1910,2048,25862,25.0,23.400000000000002,0
1911,1407,1604,25.0,23.400000000000002,0
1912,124,1216,25.0,23.400000000000002,0
1913,1895,14806,10.0,23.400000000000002,0
1914,536,139,17.0,23.400000000000002,0
1915,1273,31349,13.0,23.3,0
1916,1609,2936,10.0,23.3,0
1917,1001,4819,25.0,23.3,1
1918,1860,27614,8.0,23.200000000000003,0
1919,839,30826,13.0,23.200000000000003,0
1920,1185,17021,6.0,23.200000000000003,0
1921,1425,13259,25.0,23.200000000000003,0
1922,1213,30023,2.0,23.200000000000003,0
1923,1045,16690,4.0,23.200000000000003,0
1924,1383,20079,1.0,23.200000000000003,0
1925,577,26417,25.0,23.1,0
1926,738,16881,25.0,23.1,0
1927,1156,742,4.0,23.1,0
1928,1376,21210,25.0,23.1,0
1929,1906,7387,15.0,23.1,0
1930,479,22964,25.0,22.900000000000002,0
1931,634,15629,18.0,22.900000000000002,0
1932,165,18108,5.0,22.900000000000002,0
1933,167,30532,16.0,22.8,1
1934,1543,28911,4.0,22.7,0
1935,1673,10663,11.0,22.6,1
1936,1385,5482,25.0,22.5,0
1937,231,33062,9.0,22.5,1
1938,1130,28,4.0,22.400000000000002,0
1939,2006,26899,25.0,22.400000000000002,0
1940,1354,32606,11.0,22.400000000000002,0
1941,498,25644,25.0,22.400000000000002,0
1942,959,31186,16.0,22.400000000000002,0
1943,427,31378,25.0,22.3,0
1944,648,20687,5.0,22.3,0
1945,1775,15150,25.0,22.2,0
1946,336,26209,25.0,22.2,0
1947,186,5377,5.0,22.1,0
1948,1230,6027,6.0,22.0,0
1949,144,28172,25.0,22.0,0
1950,804,24260,11.0,22.0,0
1951,112,22143,25.0,22.0,0
1952,934,29123,6.0,22.0,1
1953,351,11392,7.0,21.9,0
1954,1709,3559,25.0,21.9,0
1955,86,22501,19.0,21.9,0
1956,1618,32152,25.0,21.9,0
1957,248,30930,25.0,21.9,0
1958,189,15432,11.0,21.9,0
1959,398,9234,25.0,21.8,0
1960,403,18306,9.0,21.8,0
1961,1258,14867,11.0,21.8,0
1962,13,24372,4.0,21.8,0
1963,1866,16449,25.0,21.8,0
1964,937,12814,25.0,21.7,0
1965,2021,9345,8.0,21.7,0
1966,614,16014,17.0,21.7,0
1967,791,23647,25.0,21.6,0
1968,1985,26862,25.0,21.6,1
1969,1566,2937,25.0,21.5,1
1970,1162,18232,25.0,21.5,0
1971,1380,20909,25.0,21.5,0
1972,2028,11144,6.0,21.4,0
1973,212,10598,14.0,21.4,0
1974,128,21920,19.0,21.4,0
1975,1335,915,16.0,21.3,0
1976,1520,830,25.0,21.3,1
1977,1901,17854,15.0,21.3,0
1978,461,31585,25.0,21.3,0
1979,1918,3312,17.0,21.2,0
1980,671,1588,1.0,21.2,0
1981,1965,923,25.0,21.2,0
1982,277,7207,13.0,21.2,1
1983,815,31981,3.0,21.099999999999998,0
1984,973,16193,25.0,21.099999999999998,0
1985,2078,634,1.0,21.099999999999998,0
1986,700,464,20.0,21.099999999999998,1
1987,1357,12407,11.0,21.099999999999998,0
1988,1085,9335,18.0,21.0,0
1989,643,31687,0.5,21.0,0
1990,477,28319,13.0,20.9,0
1991,1087,18903,25.0,20.9,0
1992,1384,24628,2.0,20.9,0
1993,1418,5346,25.0,20.9,0
1994,1175,4166,25.0,20.8,0
1995,733,18963,4.0,20.7,0
1996,60,19625,7.0,20.7,0
1997,1170,12340,25.0,20.5,0
1998,1181,1135,17.0,20.5,0
1999,798,5943,25.0,20.4,0
2000,1753,828,25.0,20.4,0
2001,344,27164,25.0,20.3,0
2002,838,15566,6.0,20.3,0
2003,92,3562,25.0,20.3,0
2004,573,6823,25.0,20.3,1
2005,1529,6335,25.0,20.3,0
2006,252,8805,25.0,20.3,0
2007,1633,16395,7.0,20.3,1
2008,1317,30158,25.0,20.3,0
2009,1363,15974,19.0,20.3,0
2010,1947,6610,25.0,20.3,0
2011,899,137,25.0,20.200000000000003,0
2012,931,5150,25.0,20.200000000000003,0
2013,1415,1776,25.0,20.200000000000003,0
2014,802,14529,25.0,20.200000000000003,0
2015,72,3214,25.0,20.200000000000003,0
2016,963,2583,25.0,20.1,0
2017,244,21648,20.0,20.1,0
2018,476,26440,9.0,20.1,0
2019,1414,21039,11.0,20.0,0
2020,1577,16689,9.0,20.0,0
2021,1653,14491,13.0,20.0,0
2022,39,12835,25.0,19.8,0
2023,397,25243,10.0,19.8,0
2024,718,33251,25.0,19.8,0
2025,1327,30965,4.0,19.7,0
2026,259,32857,7.0,19.7,0
2027,615,24251,7.0,19.6,1
2028,2107,19678,25.0,19.6,0
2029,1882,3647,7.0,19.6,0
2030,522,22982,25.0,19.6,0
2031,1358,5509,25.0,19.6,0
2032,2016,2736,9.0,19.5,0
2033,969,7424,25.0,19.5,0
2034,888,10394,15.0,19.5,0
2035,195,16573,8.0,19.400000000000002,0
2036,2091,10977,12.0,19.400000000000002,0
2037,269,8524,20.0,19.400000000000002,0
2038,1155,1968,25.0,19.3,0
2039,1206,30399,2.0,19.3,0
2040,506,3658,12.0,19.2,0
2041,1222,11642,8.0,19.2,0
2042,164,15253,25.0,19.1,0
2043,1969,14687,25.0,19.0,0
2044,158,4601,25.0,19.0,0
2045,891,5109,25.0,18.7,0
2046,1948,18569,4.0,18.7,0
2047,921,24612,25.0,18.7,0
2048,214,32021,25.0,18.5,0
2049,312,29475,8.0,18.5,1
2050,1370,27199,25.0,18.3,0
2051,1480,9514,12.0,18.2,0
2052,1686,14821,25.0,18.2,0
2053,1630,610,25.0,18.2,0
2054,1851,12002,10.0,18.099999999999998,0
2055,393,29658,25.0,18.0,1
2056,157,1317,12.0,18.0,0
2057,505,6889,13.0,18.0,0
2058,1777,8358,5.0,18.0,0
2059,1581,16328,25.0,17.9,0
2060,1569,13397,12.0,17.9,0
2061,1448,28694,25.0,17.8,0
2062,2083,24170,7.0,17.7,0
2063,1706,30951,3.0,17.5,0
2064,1638,20758,13.0,17.5,0
2065,2017,26688,25.0,17.4,0
2066,541,24245,25.0,17.299999999999997,0
2067,122,12809,3.0,17.299999999999997,0
2068,279,4532,3.0,17.299999999999997,0
2069,396,7376,8.0,17.2,0
2070,966,3624,18.0,17.2,0
2071,1807,5320,6.0,17.1,0
2072,1510,25292,1.0,17.1,0
2073,1344,1679,25.0,17.0,0
2074,1392,28799,25.0,17.0,0
2075,1545,15098,7.0,17.0,0
2076,949,18648,25.0,17.0,0
2077,1788,13925,9.0,16.900000000000002,0
2078,2067,3445,18.0,16.900000000000002,0
2079,2020,8837,25.0,16.6,0
2080,1844,19336,25.0,16.6,0
2081,701,15770,25.0,16.6,1
2082,1426,7539,25.0,16.6,0
2083,1288,1647,25.0,16.5,0
2084,520,30784,17.0,16.5,0
2085,556,16660,2.0,16.3,1
2086,1000,33010,10.0,16.3,0
2087,1389,8031,25.0,16.3,0
2088,2126,31762,3.0,16.3,0
2089,2116,31643,25.0,16.3,0
2090,2053,19816,2.0,16.1,0
2091,1420,8335,7.0,16.1,0
2092,2063,2599,25.0,16.1,0
2093,360,18737,4.0,15.8,0
2094,364,4184,4.0,15.5,0
2095,763,25993,5.0,15.5,0
2096,1953,24625,25.0,15.4,0
2097,1785,25635,25.0,15.299999999999999,0
2098,1695,26856,16.0,15.1,0
2099,95,2934,25.0,15.1,0
2100,1909,7300,7.0,15.1,1
2101,326,1392,1.0,14.899999999999999,0
2102,1954,32745,5.0,14.499999999999998,0
2103,2015,25886,9.0,14.399999999999999,0
2104,291,27155,25.0,14.299999999999999,0
2105,1836,5194,2.0,14.299999999999999,0
2106,347,14534,6.0,14.099999999999998,0
2107,1004,23133,4.0,14.000000000000002,0
2108,1411,29969,11.0,13.900000000000002,0
2109,626,29502,4.0,13.8,0
2110,1835,3885,25.0,13.8,0
2111,1846,26996,13.0,13.5,0
2112,1798,12008,13.0,13.4,1
2113,943,31129,19.0,13.200000000000001,1
2114,881,9207,8.0,13.200000000000001,0
2115,483,15978,25.0,12.9,0
2116,1925,10230,25.0,12.9,0
2117,702,18264,25.0,12.2,0
2118,1188,2744,19.0,12.2,0
2119,2038,3180,3.0,12.0,0
2120,1133,16058,19.0,12.0,0
2121,222,9268,25.0,11.799999999999999,0
2122,1398,2625,11.0,11.700000000000001,0
2123,1195,22214,6.0,11.3,0
2124,177,20977,25.0,11.1,0
2125,2012,29908,15.0,10.5,0
2126,1421,29417,25.0,10.299999999999999,0
2127,232,8818,7.0,9.2,0
2128,411,14200,25.0,6.6000000000000005,0
