,fpr,tpr,threshold
0,0.0,0.0,1.936079070460341
1,0.0,0.001736111111111111,0.9360790704603409
2,0.000643915003219575,0.001736111111111111,0.9277315461222343
3,0.000643915003219575,0.006944444444444444,0.9207436149526192
4,0.00128783000643915,0.006944444444444444,0.9205907853694117
5,0.00128783000643915,0.010416666666666666,0.9202627010737955
6,0.0038634900193174502,0.010416666666666666,0.9154553766572732
7,0.0038634900193174502,0.015625,0.9034190547315173
8,0.004507405022537025,0.015625,0.9013980263698071
9,0.004507405022537025,0.019097222222222224,0.8991202791718396
10,0.0051513200257566,0.019097222222222224,0.8990757546518775
11,0.0051513200257566,0.03125,0.8935615206012422
12,0.005795235028976175,0.03125,0.8911411482814824
13,0.005795235028976175,0.057291666666666664,0.8838926563455283
14,0.00643915003219575,0.057291666666666664,0.8788617163774627
15,0.00643915003219575,0.059027777777777776,0.8777097469552031
16,0.0077269800386349004,0.059027777777777776,0.8766547482617763
17,0.0077269800386349004,0.06076388888888889,0.8739004886950758
18,0.008370895041854474,0.06076388888888889,0.8736875882130336
19,0.008370895041854474,0.0642361111111111,0.8712104365774745
20,0.00901481004507405,0.0642361111111111,0.8711282289064362
21,0.00901481004507405,0.06944444444444445,0.8674482067145571
22,0.009658725048293626,0.06944444444444445,0.8643075162921764
23,0.009658725048293626,0.07118055555555555,0.8640138769047531
24,0.0103026400515132,0.07118055555555555,0.8639758866712111
25,0.0103026400515132,0.0798611111111111,0.8599053951508655
26,0.010946555054732776,0.0798611111111111,0.8592138605848832
27,0.010946555054732776,0.08159722222222222,0.858552168187195
28,0.01159047005795235,0.08159722222222222,0.858312599262695
29,0.01159047005795235,0.08506944444444445,0.8574963349650343
30,0.012234385061171926,0.08506944444444445,0.856922420614746
31,0.012234385061171926,0.09027777777777778,0.8504174660094045
32,0.013522215067611075,0.09027777777777778,0.8497339234734307
33,0.013522215067611075,0.0954861111111111,0.8489586945273173
34,0.014166130070830651,0.0954861111111111,0.8487678387643852
35,0.014166130070830651,0.10590277777777778,0.8382277127647001
36,0.014810045074050225,0.10590277777777778,0.8368230785314771
37,0.014810045074050225,0.11805555555555555,0.8284321293028649
38,0.021249195106245976,0.11805555555555555,0.8173649948656717
39,0.021249195106245976,0.1232638888888889,0.8166360664739404
40,0.02189311010946555,0.1232638888888889,0.8158789340113616
41,0.02189311010946555,0.1267361111111111,0.8148817986470198
42,0.023824855119124275,0.1267361111111111,0.8075696673704964
43,0.023824855119124275,0.1284722222222222,0.8069963213430488
44,0.025112685125563427,0.1284722222222222,0.8052343328835027
45,0.025112685125563427,0.13020833333333334,0.8049254782800798
46,0.025756600128783,0.13020833333333334,0.8041305684511829
47,0.025756600128783,0.13541666666666666,0.8033569118183931
48,0.026400515132002575,0.13541666666666666,0.8030220332685474
49,0.026400515132002575,0.1371527777777778,0.8028501444018182
50,0.028332260141661302,0.1371527777777778,0.7983286305610411
51,0.028332260141661302,0.1423611111111111,0.7948322969887316
52,0.02962009014810045,0.1423611111111111,0.7935111222240696
53,0.02962009014810045,0.14583333333333334,0.7931576355201222
54,0.031551835157759174,0.14583333333333334,0.7914096133700935
55,0.031551835157759174,0.14756944444444445,0.7913411400643088
56,0.03219575016097875,0.14756944444444445,0.7910088818763974
57,0.03219575016097875,0.14930555555555555,0.7902652597234809
58,0.0334835801674179,0.14930555555555555,0.7893183459192997
59,0.0334835801674179,0.15104166666666666,0.7883523010426737
60,0.03412749517063748,0.15104166666666666,0.7871351738734251
61,0.03412749517063748,0.1527777777777778,0.7865827303234408
62,0.03477141017385705,0.1527777777777778,0.7865244027404115
63,0.03477141017385705,0.1545138888888889,0.7864828148088094
64,0.0360592401802962,0.1545138888888889,0.7852069309651356
65,0.0360592401802962,0.16493055555555555,0.7806030481342058
66,0.037990985189954925,0.16493055555555555,0.7792865048193306
67,0.037990985189954925,0.16666666666666666,0.7775938660230736
68,0.03992273019961365,0.16666666666666666,0.773104224801556
69,0.03992273019961365,0.1684027777777778,0.7730872213222898
70,0.04056664520283323,0.1684027777777778,0.77301217547135
71,0.04056664520283323,0.1736111111111111,0.772537472236338
72,0.0412105602060528,0.1736111111111111,0.7724040349530913
73,0.0412105602060528,0.17881944444444445,0.7710646072351115
74,0.043142305215711524,0.17881944444444445,0.769601476033038
75,0.043142305215711524,0.18229166666666666,0.7681661104914785
76,0.044430135222150675,0.18229166666666666,0.7674213351843044
77,0.044430135222150675,0.1840277777777778,0.7673195077450414
78,0.04571796522858983,0.1840277777777778,0.7669263866896454
79,0.04571796522858983,0.1875,0.7660027763352427
80,0.0463618802318094,0.1875,0.7654680718529157
81,0.0463618802318094,0.1892361111111111,0.7650017898908419
82,0.04700579523502898,0.1892361111111111,0.7647898667140802
83,0.04700579523502898,0.19618055555555555,0.7633544781983042
84,0.04764971023824855,0.19618055555555555,0.7629571939692997
85,0.04764971023824855,0.19791666666666666,0.7603157700535876
86,0.04829362524146812,0.19791666666666666,0.7596842088368315
87,0.04829362524146812,0.20833333333333334,0.7568028839488392
88,0.049581455247907275,0.20833333333333334,0.756611629821775
89,0.049581455247907275,0.21006944444444445,0.7563679291285027
90,0.05215711526078558,0.21006944444444445,0.754655772428415
91,0.05215711526078558,0.2152777777777778,0.7510943595756888
92,0.05280103026400515,0.2152777777777778,0.7491819415811962
93,0.05280103026400515,0.21875,0.7489250331681693
94,0.05537669027688345,0.21875,0.7475142391940588
95,0.05537669027688345,0.2222222222222222,0.7472301255461438
96,0.056020605280103025,0.2222222222222222,0.7464416524310374
97,0.056020605280103025,0.22395833333333334,0.7463766666506233
98,0.056664520283322604,0.22395833333333334,0.7462946815470717
99,0.056664520283322604,0.2326388888888889,0.7438408471943644
100,0.05730843528654218,0.2326388888888889,0.7432469631191809
101,0.05730843528654218,0.234375,0.7431824842769548
102,0.05859626529298133,0.234375,0.7425558105020204
103,0.05859626529298133,0.2361111111111111,0.7418233118067692
104,0.061171925305859624,0.2361111111111111,0.7410004316432158
105,0.061171925305859624,0.2465277777777778,0.737629431855385
106,0.061815840309079204,0.2465277777777778,0.7368071236566355
107,0.061815840309079204,0.2482638888888889,0.7367544806866361
108,0.062459755312298776,0.2482638888888889,0.7366304585674881
109,0.062459755312298776,0.2552083333333333,0.7332430387607602
110,0.06374758531873792,0.2552083333333333,0.7325156234022269
111,0.06374758531873792,0.2569444444444444,0.7322603891324849
112,0.06503541532517708,0.2569444444444444,0.7313469807728922
113,0.06503541532517708,0.2621527777777778,0.7289002087664858
114,0.06567933032839665,0.2621527777777778,0.7275939927754904
115,0.06567933032839665,0.265625,0.7275028733997618
116,0.06889890534449453,0.265625,0.7250018643525352
117,0.06889890534449453,0.2673611111111111,0.7249680566762624
118,0.0695428203477141,0.2673611111111111,0.7249375300025326
119,0.0695428203477141,0.2690972222222222,0.724043173416514
120,0.07147456535737283,0.2690972222222222,0.7235527958891635
121,0.07147456535737283,0.2708333333333333,0.7235022266551694
122,0.07276239536381197,0.2708333333333333,0.7228412400119747
123,0.07276239536381197,0.2725694444444444,0.7227019543750229
124,0.07340631036703155,0.2725694444444444,0.7224956415768798
125,0.07340631036703155,0.2777777777777778,0.720633145055674
126,0.07405022537025113,0.2777777777777778,0.7201594783959318
127,0.07405022537025113,0.28125,0.7201322088666828
128,0.07662588538312942,0.28125,0.7188843512093245
129,0.07662588538312942,0.2847222222222222,0.7186261793033905
130,0.07726980038634901,0.2847222222222222,0.7171520669008788
131,0.07726980038634901,0.2934027777777778,0.7141412554542393
132,0.0798454603992273,0.2934027777777778,0.712611396105647
133,0.0798454603992273,0.2951388888888889,0.7118288804219199
134,0.08048937540244688,0.2951388888888889,0.7118116891522193
135,0.08048937540244688,0.2986111111111111,0.7114199486180157
136,0.08113329040566646,0.2986111111111111,0.7093432607736326
137,0.08113329040566646,0.3003472222222222,0.7090632594712575
138,0.08370895041854476,0.3003472222222222,0.7069204267446823
139,0.08370895041854476,0.3038194444444444,0.7053478425101688
140,0.08435286542176433,0.3038194444444444,0.7045041585183868
141,0.08435286542176433,0.3072916666666667,0.7036464291429626
142,0.08628461043142305,0.3072916666666667,0.7026632411459385
143,0.08628461043142305,0.3125,0.7018743409096079
144,0.08821635544108178,0.3125,0.7008369430504127
145,0.08821635544108178,0.3298611111111111,0.6975274355334178
146,0.08886027044430135,0.3298611111111111,0.696735254718663
147,0.08886027044430135,0.3333333333333333,0.696533113544836
148,0.09079201545396008,0.3333333333333333,0.6961165065526241
149,0.09079201545396008,0.3350694444444444,0.6960264574347482
150,0.09143593045717965,0.3350694444444444,0.695937819744823
151,0.09143593045717965,0.3368055555555556,0.6952590904111839
152,0.09465550547327753,0.3368055555555556,0.6938829818090674
153,0.09465550547327753,0.3385416666666667,0.6936912009809961
154,0.0952994204764971,0.3385416666666667,0.6935398586796488
155,0.0952994204764971,0.3420138888888889,0.6928256066531222
156,0.09658725048293625,0.3420138888888889,0.6923578638114597
157,0.09658725048293625,0.3454861111111111,0.6906708751507539
158,0.0978750804893754,0.3454861111111111,0.69035416916222
159,0.0978750804893754,0.3472222222222222,0.6902620255015003
160,0.103026400515132,0.3472222222222222,0.6867876357106197
161,0.103026400515132,0.3524305555555556,0.6855046257494636
162,0.10367031551835158,0.3524305555555556,0.6854779886798399
163,0.10367031551835158,0.3559027777777778,0.6842613275525626
164,0.10624597553122987,0.3559027777777778,0.6835260459168156
165,0.10624597553122987,0.3576388888888889,0.6809206241663672
166,0.11010946555054733,0.3576388888888889,0.679956661532187
167,0.11010946555054733,0.3611111111111111,0.679814401243195
168,0.1107533805537669,0.3611111111111111,0.6797667052369435
169,0.1107533805537669,0.3628472222222222,0.6797392702172073
170,0.11139729555698648,0.3628472222222222,0.678889619137069
171,0.11139729555698648,0.3697916666666667,0.6778183185065074
172,0.11204121056020605,0.3697916666666667,0.6777119871183082
173,0.11204121056020605,0.3715277777777778,0.6776447199897147
174,0.11268512556342562,0.3715277777777778,0.6772608098803249
175,0.11268512556342562,0.3732638888888889,0.6767045645654564
176,0.11332904056664521,0.3732638888888889,0.6764573776668262
177,0.11332904056664521,0.375,0.6764188341980661
178,0.11397295556986478,0.375,0.67635439255392
179,0.11397295556986478,0.3784722222222222,0.6761252752338461
180,0.11461687057308435,0.3784722222222222,0.6760197383097543
181,0.11461687057308435,0.3802083333333333,0.6758369316762727
182,0.1159047005795235,0.3802083333333333,0.6756533120191199
183,0.1159047005795235,0.3819444444444444,0.6753337809032982
184,0.11719253058596266,0.3819444444444444,0.6747060994866665
185,0.11719253058596266,0.3836805555555556,0.6744782624458137
186,0.11783644558918223,0.3836805555555556,0.6740258786168503
187,0.11783644558918223,0.3923611111111111,0.6717243788445516
188,0.11912427559562137,0.3923611111111111,0.6711936610140982
189,0.11912427559562137,0.4045138888888889,0.669494788007679
190,0.11976819059884096,0.4045138888888889,0.6694853163493408
191,0.11976819059884096,0.40625,0.6693190691464386
192,0.12041210560206053,0.40625,0.668872588862416
193,0.12041210560206053,0.4114583333333333,0.6678440046045026
194,0.1210560206052801,0.4114583333333333,0.6677800620849073
195,0.1210560206052801,0.4149305555555556,0.6672092824987965
196,0.12169993560849968,0.4149305555555556,0.6669171131790707
197,0.12169993560849968,0.4166666666666667,0.666604893368613
198,0.12298776561493883,0.4166666666666667,0.666214235428427
199,0.12298776561493883,0.4184027777777778,0.6648009336752951
200,0.12363168061815841,0.4184027777777778,0.6635988551589327
201,0.12363168061815841,0.4236111111111111,0.6625709237042849
202,0.12427559562137798,0.4236111111111111,0.6623401003829236
203,0.12427559562137798,0.4253472222222222,0.6617622815543026
204,0.12749517063747584,0.4253472222222222,0.6590650573434954
205,0.12749517063747584,0.4270833333333333,0.6589498426595826
206,0.12813908564069543,0.4270833333333333,0.6583029991318099
207,0.12813908564069543,0.4288194444444444,0.6582622059991311
208,0.1320025756600129,0.4288194444444444,0.6557519240091727
209,0.1320025756600129,0.4340277777777778,0.6539128163730352
210,0.13329040566645203,0.4340277777777778,0.6534568659470922
211,0.13329040566645203,0.4357638888888889,0.6533886360626912
212,0.13457823567289118,0.4357638888888889,0.6530044573767367
213,0.13457823567289118,0.4392361111111111,0.6524592421497428
214,0.13522215067611076,0.4392361111111111,0.6524562712099168
215,0.13522215067611076,0.4496527777777778,0.651461341483227
216,0.13586606567933032,0.4496527777777778,0.6508250443236447
217,0.13586606567933032,0.453125,0.6500341743146438
218,0.1365099806825499,0.453125,0.6498646637448473
219,0.1365099806825499,0.4548611111111111,0.649646990794843
220,0.13715389568576947,0.4548611111111111,0.6490234254632812
221,0.13715389568576947,0.4635416666666667,0.6464112037587801
222,0.13844172569220864,0.4635416666666667,0.6455481102566387
223,0.13844172569220864,0.4652777777777778,0.6452977452019562
224,0.1390856406954282,0.4652777777777778,0.6447853771034608
225,0.1390856406954282,0.4670138888888889,0.6441826095291538
226,0.13972955569864778,0.4670138888888889,0.6438798045788228
227,0.13972955569864778,0.46875,0.6437251267630403
228,0.14166130070830651,0.46875,0.6429751739890818
229,0.14166130070830651,0.4704861111111111,0.6428623779195315
230,0.14552479072762395,0.4704861111111111,0.6415303360793695
231,0.14552479072762395,0.4722222222222222,0.6409811512818231
232,0.14616870573084353,0.4722222222222222,0.6409053859654619
233,0.14616870573084353,0.4739583333333333,0.6408897547570953
234,0.1468126207340631,0.4739583333333333,0.6407937687627204
235,0.1468126207340631,0.4756944444444444,0.6406433367164207
236,0.14745653573728268,0.4756944444444444,0.6396589835453359
237,0.14745653573728268,0.4826388888888889,0.6381067668967924
238,0.14810045074050227,0.4826388888888889,0.6376190217889981
239,0.14810045074050227,0.484375,0.6373002185231734
240,0.1493882807469414,0.484375,0.6367455723703832
241,0.1493882807469414,0.4861111111111111,0.6362396080979418
242,0.15067611075338055,0.4861111111111111,0.6352673252739712
243,0.15067611075338055,0.4930555555555556,0.6334765767987566
244,0.15132002575660014,0.4930555555555556,0.6332509435874194
245,0.15132002575660014,0.4982638888888889,0.6322746595034183
246,0.1519639407598197,0.4982638888888889,0.6318938558475
247,0.1519639407598197,0.5,0.631847596271074
248,0.15647134578235672,0.5,0.6299302247303039
249,0.15647134578235672,0.5017361111111112,0.6295567846650227
250,0.15840309079201545,0.5017361111111112,0.6290192673375237
251,0.15840309079201545,0.5052083333333334,0.6288164716061931
252,0.1596909207984546,0.5052083333333334,0.6280583633035354
253,0.1596909207984546,0.5069444444444444,0.628002915391032
254,0.16033483580167418,0.5069444444444444,0.6276129455378902
255,0.16033483580167418,0.5086805555555556,0.6273467383928726
256,0.16162266580811332,0.5086805555555556,0.6267703302761194
257,0.16162266580811332,0.5104166666666666,0.6261239882545353
258,0.16355441081777206,0.5104166666666666,0.6247369311061388
259,0.16355441081777206,0.515625,0.6244117325418184
260,0.1648422408242112,0.515625,0.6239565624625512
261,0.1648422408242112,0.5173611111111112,0.6234966253008006
262,0.1654861558274308,0.5173611111111112,0.6219085084627005
263,0.1654861558274308,0.5208333333333334,0.6213751002462603
264,0.16741790083708952,0.5208333333333334,0.6211335908311713
265,0.16741790083708952,0.5225694444444444,0.6206264171098401
266,0.17128139085640695,0.5225694444444444,0.6195071325116753
267,0.17128139085640695,0.53125,0.617276473254422
268,0.1725692208628461,0.53125,0.6156872908312307
269,0.1725692208628461,0.5451388888888888,0.6128983627942483
270,0.17321313586606568,0.5451388888888888,0.6120265976651217
271,0.17321313586606568,0.5520833333333334,0.6109313656513689
272,0.1777205408886027,0.5520833333333334,0.6078373369747901
273,0.1777205408886027,0.5572916666666666,0.6063247328304717
274,0.17900837089504185,0.5572916666666666,0.6061529049122049
275,0.17900837089504185,0.5590277777777778,0.6060653178871622
276,0.17965228589826143,0.5590277777777778,0.6060287261494169
277,0.17965228589826143,0.5659722222222222,0.6038430554954171
278,0.180296200901481,0.5659722222222222,0.6033756392899913
279,0.180296200901481,0.5694444444444444,0.6026948407425974
280,0.18158403090792016,0.5694444444444444,0.6014201365310329
281,0.18158403090792016,0.5763888888888888,0.6005704081244414
282,0.18222794591113972,0.5763888888888888,0.6002215739261768
283,0.18222794591113972,0.578125,0.6000362081457802
284,0.1828718609143593,0.578125,0.6000092610205345
285,0.1828718609143593,0.5868055555555556,0.5974125790868721
286,0.18351577591757887,0.5868055555555556,0.5968303906686294
287,0.18351577591757887,0.5902777777777778,0.5960870606688473
288,0.18415969092079845,0.5902777777777778,0.5960080409807644
289,0.18415969092079845,0.59375,0.5946163734933029
290,0.18480360592401804,0.59375,0.5942437136935615
291,0.18480360592401804,0.5954861111111112,0.5939262881167404
292,0.18931101094655506,0.5954861111111112,0.5907665818952201
293,0.18931101094655506,0.5989583333333334,0.5906091277784868
294,0.18995492594977462,0.5989583333333334,0.5905364541981128
295,0.18995492594977462,0.6006944444444444,0.5900941854853484
296,0.1905988409529942,0.6006944444444444,0.5894683266700934
297,0.1905988409529942,0.6024305555555556,0.5893511861826312
298,0.1957501609787508,0.6024305555555556,0.5876878048276682
299,0.1957501609787508,0.6041666666666666,0.5875744277438689
300,0.19639407598197037,0.6041666666666666,0.5869266304725123
301,0.19639407598197037,0.6059027777777778,0.5856009052843906
302,0.19768190598840954,0.6059027777777778,0.5834438976107476
303,0.19768190598840954,0.6111111111111112,0.581528489079514
304,0.19896973599484868,0.6111111111111112,0.5808301478687038
305,0.19896973599484868,0.6128472222222222,0.5805789516630653
306,0.19961365099806824,0.6128472222222222,0.5802220597357711
307,0.19961365099806824,0.6163194444444444,0.5798252669361542
308,0.20090148100450742,0.6163194444444444,0.5793619626468741
309,0.20090148100450742,0.6180555555555556,0.5790989857638884
310,0.2034771410173857,0.6180555555555556,0.5783668985517679
311,0.2034771410173857,0.6284722222222222,0.5751752823936724
312,0.20476497102382485,0.6284722222222222,0.5747412172719285
313,0.20476497102382485,0.6302083333333334,0.5746166568675622
314,0.20798454603992272,0.6302083333333334,0.5729542126974302
315,0.20798454603992272,0.6319444444444444,0.572564232710632
316,0.20927237604636187,0.6319444444444444,0.5719249953132739
317,0.20927237604636187,0.6336805555555556,0.5716802606347717
318,0.21056020605280104,0.6336805555555556,0.5716209960084871
319,0.21056020605280104,0.6371527777777778,0.5712216549070142
320,0.21249195106245974,0.6371527777777778,0.5696010915091039
321,0.21249195106245974,0.6423611111111112,0.5680020025757273
322,0.21377978106889892,0.6423611111111112,0.5667775861450924
323,0.21377978106889892,0.6440972222222222,0.5664991865513126
324,0.21571152607855762,0.6440972222222222,0.5659383086809096
325,0.21571152607855762,0.6475694444444444,0.5650112145189061
326,0.2169993560849968,0.6475694444444444,0.5647290675343344
327,0.2169993560849968,0.6510416666666666,0.5639094100982525
328,0.22086284610431423,0.6510416666666666,0.5621024460688877
329,0.22086284610431423,0.6527777777777778,0.5616649880677523
330,0.2240824211204121,0.6527777777777778,0.5594922467362076
331,0.2240824211204121,0.6545138888888888,0.5592926957661889
332,0.22601416613007083,0.6545138888888888,0.5578443816910255
333,0.22601416613007083,0.65625,0.5576695999292525
334,0.22858982614294912,0.65625,0.5564307106184201
335,0.22858982614294912,0.6579861111111112,0.5562795648168953
336,0.2292337411461687,0.6579861111111112,0.5557198463065551
337,0.2292337411461687,0.6597222222222222,0.5550760527322645
338,0.23052157115260785,0.6597222222222222,0.5544427502460592
339,0.23052157115260785,0.6614583333333334,0.5541947967154172
340,0.23116548615582744,0.6614583333333334,0.5539930616028613
341,0.23116548615582744,0.6631944444444444,0.5534413719614771
342,0.23309723116548617,0.6631944444444444,0.552973639523769
343,0.23309723116548617,0.6649305555555556,0.5526851755542557
344,0.23374114616870573,0.6649305555555556,0.5526676549902307
345,0.23374114616870573,0.6666666666666666,0.552395645492421
346,0.23567289117836446,0.6666666666666666,0.550662696847082
347,0.23567289117836446,0.6684027777777778,0.5502446626760416
348,0.23824855119124275,0.6684027777777778,0.5484047906480888
349,0.23824855119124275,0.6701388888888888,0.5482379649220491
350,0.2421120412105602,0.6701388888888888,0.5463840797672832
351,0.2421120412105602,0.6736111111111112,0.5450717665223282
352,0.2427559562137798,0.6736111111111112,0.5450081483687351
353,0.2427559562137798,0.6753472222222222,0.5438931562991461
354,0.24339987121699935,0.6753472222222222,0.5437878549796582
355,0.24339987121699935,0.6770833333333334,0.5430360360403942
356,0.24404378622021894,0.6770833333333334,0.5428893109947953
357,0.24404378622021894,0.6788194444444444,0.5424615614633974
358,0.2446877012234385,0.6788194444444444,0.5423301861278265
359,0.2446877012234385,0.6805555555555556,0.5420627144296544
360,0.24855119124275596,0.6805555555555556,0.539471277517217
361,0.24855119124275596,0.6840277777777778,0.5387856195602065
362,0.2504829362524147,0.6840277777777778,0.5381303461890541
363,0.2504829362524147,0.6875,0.536416576081071
364,0.25885383129426914,0.6875,0.5305348653412864
365,0.25885383129426914,0.6892361111111112,0.5290154322201129
366,0.2601416613007083,0.6892361111111112,0.5285534243140305
367,0.2601416613007083,0.6909722222222222,0.5285470443708241
368,0.26142949130714743,0.6909722222222222,0.5273207363936591
369,0.26142949130714743,0.6927083333333334,0.526994739865002
370,0.262073406310367,0.6927083333333334,0.5268546072842759
371,0.262073406310367,0.6944444444444444,0.5264612590434814
372,0.2633612363168062,0.6944444444444444,0.525692593084753
373,0.2633612363168062,0.6961805555555556,0.5251472927318779
374,0.2659368963296845,0.6961805555555556,0.5223539021042185
375,0.2659368963296845,0.6996527777777778,0.5218222367820399
376,0.2678686413393432,0.6996527777777778,0.521045319580741
377,0.2678686413393432,0.7013888888888888,0.5205668782478112
378,0.26980038634900194,0.7013888888888888,0.5194354167773689
379,0.26980038634900194,0.703125,0.5190503853235711
380,0.27044430135222153,0.703125,0.5186430236767673
381,0.27044430135222153,0.7048611111111112,0.5181816002370513
382,0.27173213135866064,0.7048611111111112,0.5178990770486709
383,0.27173213135866064,0.7065972222222222,0.5177495316529687
384,0.2730199613650998,0.7065972222222222,0.5170499004980326
385,0.2730199613650998,0.7083333333333334,0.5169010532186732
386,0.2736638763683194,0.7083333333333334,0.5163386266132877
387,0.2736638763683194,0.7100694444444444,0.516333327736385
388,0.2755956213779781,0.7100694444444444,0.5161512501160118
389,0.2755956213779781,0.7118055555555556,0.5160036771577542
390,0.2762395363811977,0.7118055555555556,0.5153674923252386
391,0.2762395363811977,0.7135416666666666,0.5152562981141097
392,0.2768834513844173,0.7135416666666666,0.5151148135948083
393,0.2768834513844173,0.7152777777777778,0.5150315734420386
394,0.2781712813908564,0.7152777777777778,0.5134109398403593
395,0.2781712813908564,0.7170138888888888,0.513123001773792
396,0.278815196394076,0.7170138888888888,0.5123274937631158
397,0.278815196394076,0.7204861111111112,0.5113545438373175
398,0.27945911139729557,0.7204861111111112,0.5109023727978428
399,0.27945911139729557,0.7239583333333334,0.510598574644365
400,0.28139085640695427,0.7239583333333334,0.5084060631715148
401,0.28139085640695427,0.7256944444444444,0.5082279765490325
402,0.28332260141661303,0.7256944444444444,0.5078426638631756
403,0.28332260141661303,0.7274305555555556,0.507184265200999
404,0.28461043142305215,0.7274305555555556,0.5065389479073709
405,0.28461043142305215,0.7291666666666666,0.5062989692434836
406,0.28525434642627173,0.7291666666666666,0.5062246532297394
407,0.28525434642627173,0.7326388888888888,0.5058681179977386
408,0.2858982614294913,0.7326388888888888,0.5058548576337342
409,0.2858982614294913,0.734375,0.5053392289048303
410,0.2865421764327109,0.734375,0.505306065346875
411,0.2865421764327109,0.7378472222222222,0.5044441929107805
412,0.28783000643915,0.7378472222222222,0.5039529008797856
413,0.28783000643915,0.7395833333333334,0.5030854863657815
414,0.2897617514488088,0.7395833333333334,0.5017407228490715
415,0.2897617514488088,0.7413194444444444,0.5015134413551041
416,0.29298132646490666,0.7413194444444444,0.5000455339537524
417,0.29298132646490666,0.7447916666666666,0.49971823303633306
418,0.2936252414681262,0.7447916666666666,0.49970069297006314
419,0.2936252414681262,0.7465277777777778,0.4991226740250014
420,0.29491307147456536,0.7465277777777778,0.49892184846797627
421,0.29491307147456536,0.7482638888888888,0.49808203582577354
422,0.29620090148100453,0.7482638888888888,0.49797265178377353
423,0.29620090148100453,0.75,0.4969096891797058
424,0.30006439150032194,0.75,0.4951816562906244
425,0.30006439150032194,0.7534722222222222,0.49457948111722916
426,0.3007083065035415,0.7534722222222222,0.4944442927476558
427,0.3007083065035415,0.7552083333333334,0.49444162818934084
428,0.3013522215067611,0.7552083333333334,0.494435479946669
429,0.3013522215067611,0.7586805555555556,0.49372099154891996
430,0.304571796522859,0.7586805555555556,0.49150896660376747
431,0.304571796522859,0.7604166666666666,0.4902623286526316
432,0.30972311654861556,0.7604166666666666,0.4880595148588466
433,0.30972311654861556,0.7621527777777778,0.4880034540412267
434,0.31873792659368966,0.7621527777777778,0.4833182538669029
435,0.31873792659368966,0.7638888888888888,0.48298250622868805
436,0.3193818415969092,0.7638888888888888,0.4826175932155398
437,0.32066967160334836,0.7638888888888888,0.48226022091028803
438,0.32066967160334836,0.765625,0.4819170668060305
439,0.32388924661944624,0.765625,0.4804863283809486
440,0.32388924661944624,0.7690972222222222,0.48043848670110767
441,0.32582099162910494,0.7690972222222222,0.4790861041044032
442,0.32582099162910494,0.7708333333333334,0.4790243607751382
443,0.3290405666452028,0.7708333333333334,0.47676157030997207
444,0.3290405666452028,0.7725694444444444,0.4764796592204308
445,0.33161622665808116,0.7725694444444444,0.4744654710307597
446,0.33161622665808116,0.7743055555555556,0.47439204199620916
447,0.3322601416613007,0.7743055555555556,0.4737611082268622
448,0.3322601416613007,0.7760416666666666,0.47334190093786493
449,0.33483580167417903,0.7760416666666666,0.47272995401732115
450,0.33483580167417903,0.7777777777777778,0.4726989417421755
451,0.339343206696716,0.7777777777777778,0.4695626651674767
452,0.339343206696716,0.7795138888888888,0.4695061051009216
453,0.3438506117192531,0.7795138888888888,0.466084849535034
454,0.3438506117192531,0.78125,0.46578260547126943
455,0.3451384417256922,0.78125,0.46523129712482053
456,0.3451384417256922,0.7829861111111112,0.46454204855977616
457,0.34771410173857054,0.7829861111111112,0.46369613142351773
458,0.34771410173857054,0.7847222222222222,0.463306575368641
459,0.34835801674179007,0.7847222222222222,0.4628720094103488
460,0.34835801674179007,0.7864583333333334,0.46244929851287
461,0.34900193174500965,0.7864583333333334,0.46203036448527246
462,0.34900193174500965,0.7881944444444444,0.46075162020094895
463,0.35222150676110753,0.7881944444444444,0.4593798114563291
464,0.35222150676110753,0.7899305555555556,0.45874715726701026
465,0.3547971667739858,0.7899305555555556,0.45731238367586
466,0.3547971667739858,0.7916666666666666,0.45724017512867715
467,0.35994848679974245,0.7916666666666666,0.45339859927467685
468,0.35994848679974245,0.7951388888888888,0.4524392150137198
469,0.3676754668383773,0.7951388888888888,0.4495761780581665
470,0.3676754668383773,0.796875,0.4495296950872941
471,0.3715389568576948,0.796875,0.44697070861590366
472,0.3715389568576948,0.7986111111111112,0.44626477314785945
473,0.38506117192530587,0.7986111111111112,0.436825818318359
474,0.38506117192530587,0.8003472222222222,0.43641416373276115
475,0.38892466194462333,0.8003472222222222,0.43218682606375747
476,0.38892466194462333,0.8020833333333334,0.43173812908911696
477,0.3921442369607212,0.8020833333333334,0.42972353974019617
478,0.3921442369607212,0.8038194444444444,0.4293800520687276
479,0.3934320669671603,0.8038194444444444,0.42798311222294044
480,0.3934320669671603,0.8055555555555556,0.4278108538052615
481,0.3972955569864778,0.8055555555555556,0.42563695621315784
482,0.3972955569864778,0.8072916666666666,0.42545849824843635
483,0.39858338699291695,0.8072916666666666,0.4245233603443419
484,0.39858338699291695,0.8090277777777778,0.4237701380523777
485,0.3992273019961365,0.8090277777777778,0.4236776862449776
486,0.3992273019961365,0.8107638888888888,0.4235607286955353
487,0.4043786220218931,0.8107638888888888,0.4210831370591969
488,0.4043786220218931,0.8125,0.4210815187162773
489,0.4095299420476497,0.8125,0.41842926734776625
490,0.4095299420476497,0.8142361111111112,0.4175374521560636
491,0.41854475209272374,0.8142361111111112,0.41381503263667185
492,0.41854475209272374,0.8159722222222222,0.41369303953747744
493,0.4217643271088216,0.8159722222222222,0.41190675043938774
494,0.4217643271088216,0.8177083333333334,0.41151693917697785
495,0.4249839021249195,0.8177083333333334,0.40995928071289023
496,0.4249839021249195,0.8194444444444444,0.4099020998223577
497,0.4256278171281391,0.8194444444444444,0.4097543035964002
498,0.4256278171281391,0.8211805555555556,0.40971164954520395
499,0.42949130714745654,0.8211805555555556,0.40691878760102895
500,0.42949130714745654,0.8229166666666666,0.40659080754916355
501,0.4307791371538957,0.8229166666666666,0.40413755712683785
502,0.4307791371538957,0.8263888888888888,0.4033951658114392
503,0.43142305215711524,0.8263888888888888,0.40323729215163406
504,0.43142305215711524,0.828125,0.4027570540093981
505,0.44236960721184804,0.828125,0.3983054316644183
506,0.44236960721184804,0.8298611111111112,0.39799158661196293
507,0.4488087572440438,0.8298611111111112,0.39547014091948
508,0.4488087572440438,0.8315972222222222,0.39540872710866576
509,0.459111397295557,0.8315972222222222,0.39051827027720004
510,0.459111397295557,0.8333333333333334,0.3904099745347279
511,0.4687701223438506,0.8333333333333334,0.38377680028458255
512,0.4687701223438506,0.8350694444444444,0.38364613748392395
513,0.4719896973599485,0.8350694444444444,0.3812124851273507
514,0.4719896973599485,0.8385416666666666,0.3809062688101777
515,0.4726336123631681,0.8385416666666666,0.38078414786163467
516,0.4726336123631681,0.8402777777777778,0.38078250750086473
517,0.4732775273663876,0.8402777777777778,0.38075592773476824
518,0.4732775273663876,0.84375,0.3803731569102744
519,0.4752092723760464,0.84375,0.38013451299348344
520,0.4752092723760464,0.8454861111111112,0.3790883665594148
521,0.48036059240180295,0.8454861111111112,0.37795787483174415
522,0.48036059240180295,0.8472222222222222,0.3772641746931807
523,0.4842240824211204,0.8472222222222222,0.3759964514911211
524,0.4842240824211204,0.8489583333333334,0.3759481767183062
525,0.48486799742434,0.8489583333333334,0.3755345424199987
526,0.48486799742434,0.8506944444444444,0.37522590418275753
527,0.4900193174500966,0.8506944444444444,0.37220475841130357
528,0.4900193174500966,0.8541666666666666,0.3708422179162806
529,0.4971023824855119,0.8541666666666666,0.3692676416674426
530,0.4971023824855119,0.8576388888888888,0.3685969284341803
531,0.5009658725048294,0.8576388888888888,0.36745048105481165
532,0.5009658725048294,0.859375,0.3673211595752489
533,0.5022537025112686,0.859375,0.3672140360924662
534,0.5022537025112686,0.8611111111111112,0.36697279380842257
535,0.5067611075338055,0.8611111111111112,0.3652218941437582
536,0.5067611075338055,0.8628472222222222,0.3648007787183332
537,0.5331616226658081,0.8628472222222222,0.3549501257801315
538,0.5331616226658081,0.8645833333333334,0.35473269483496656
539,0.5415325177076626,0.8645833333333334,0.3495963706075421
540,0.5415325177076626,0.8663194444444444,0.34953380068513645
541,0.5421764327108821,0.8663194444444444,0.34821083688942117
542,0.5421764327108821,0.8680555555555556,0.3480167472250613
543,0.5434642627173213,0.8680555555555556,0.34735953542695164
544,0.5434642627173213,0.8697916666666666,0.34724465667044696
545,0.54539600772698,0.8697916666666666,0.34664240518784045
546,0.54539600772698,0.8715277777777778,0.34662291239398046
547,0.5479716677398584,0.8715277777777778,0.34579349972171236
548,0.5479716677398584,0.8732638888888888,0.345324848855516
549,0.5486155827430779,0.8732638888888888,0.3453046876493896
550,0.5486155827430779,0.875,0.34520955455215663
551,0.5569864777849324,0.875,0.3429553895766492
552,0.5569864777849324,0.8767361111111112,0.3428537921931369
553,0.5608499678042499,0.8767361111111112,0.3414452382889038
554,0.5608499678042499,0.8784722222222222,0.34127292072475757
555,0.5666452028332261,0.8784722222222222,0.33926121201369763
556,0.5679330328396651,0.8784722222222222,0.3391899334826295
557,0.5795235028976176,0.8784722222222222,0.3358539508465115
558,0.5795235028976176,0.8802083333333334,0.33562017968750224
559,0.5859626529298133,0.8802083333333334,0.333538017296141
560,0.5859626529298133,0.8819444444444444,0.332768798170833
561,0.5911139729555699,0.8819444444444444,0.3310935106567863
562,0.5911139729555699,0.8836805555555556,0.3310913697022275
563,0.5930457179652285,0.8836805555555556,0.32969779372986413
564,0.5930457179652285,0.8854166666666666,0.3296865381380634
565,0.5962652929813265,0.8854166666666666,0.3291117888230565
566,0.5962652929813265,0.8871527777777778,0.3289738929759955
567,0.6033483580167418,0.8871527777777778,0.32771081185996886
568,0.6033483580167418,0.8888888888888888,0.32758620237528485
569,0.6039922730199614,0.8888888888888888,0.32734525725054064
570,0.6039922730199614,0.890625,0.3273349241467782
571,0.6078557630392788,0.890625,0.32591212666380714
572,0.6078557630392788,0.8940972222222222,0.32560697596263566
573,0.6175144880875725,0.8940972222222222,0.3221811784453983
574,0.6175144880875725,0.8958333333333334,0.321902196657012
575,0.6181584030907921,0.8958333333333334,0.3218159751866724
576,0.6181584030907921,0.8993055555555556,0.32164792923874946
577,0.6226658081133291,0.8993055555555556,0.32003533625940944
578,0.6226658081133291,0.9010416666666666,0.3193447115478662
579,0.6278171281390856,0.9010416666666666,0.31750398774653066
580,0.6278171281390856,0.9045138888888888,0.31720946169740327
581,0.6291049581455248,0.9045138888888888,0.3164620975413741
582,0.6291049581455248,0.90625,0.316369549316832
583,0.6355441081777206,0.90625,0.3142974048175802
584,0.6355441081777206,0.9079861111111112,0.3142453306422269
585,0.6368319381841597,0.9079861111111112,0.3141063604621898
586,0.6368319381841597,0.9097222222222222,0.31397832602629894
587,0.6464906632324533,0.9097222222222222,0.31125878935514084
588,0.6464906632324533,0.9114583333333334,0.3111045888112296
589,0.6567933032839666,0.9114583333333334,0.3073511814100924
590,0.6567933032839666,0.9149305555555556,0.3072754508402292
591,0.6600128783000644,0.9149305555555556,0.3055285177837543
592,0.6600128783000644,0.9166666666666666,0.3054316239798476
593,0.6696716033483581,0.9166666666666666,0.303800664049386
594,0.6696716033483581,0.9184027777777778,0.3037139062199985
595,0.6761107533805538,0.9184027777777778,0.3027785119586592
596,0.6761107533805538,0.9201388888888888,0.30242686606938524
597,0.6902768834513844,0.9201388888888888,0.2991902264811073
598,0.6902768834513844,0.921875,0.29898302626076406
599,0.6960721184803605,0.921875,0.297967129845022
600,0.6960721184803605,0.9236111111111112,0.297327042374203
601,0.7083065035415326,0.9236111111111112,0.2930563542487133
602,0.7095943335479716,0.9236111111111112,0.29285856255266807
603,0.7102382485511912,0.9236111111111112,0.29263220765015296
604,0.7102382485511912,0.9253472222222222,0.29237184009067496
605,0.7173213135866066,0.9253472222222222,0.2903170295830016
606,0.7173213135866066,0.9270833333333334,0.29028043131481496
607,0.7256922086284611,0.9270833333333334,0.2877350572240729
608,0.7256922086284611,0.9288194444444444,0.2875941275027046
609,0.7327752736638764,0.9288194444444444,0.2860864702097161
610,0.7327752736638764,0.9305555555555556,0.2859511519209657
611,0.7359948486799742,0.9305555555555556,0.285107282838112
612,0.7359948486799742,0.9322916666666666,0.28475380111936743
613,0.7398583386992917,0.9322916666666666,0.2830920164824382
614,0.7398583386992917,0.9340277777777778,0.2828832850818609
615,0.7411461687057308,0.9340277777777778,0.2818965744077171
616,0.7411461687057308,0.9357638888888888,0.28158150889698813
617,0.74243399871217,0.9357638888888888,0.28088107264990514
618,0.74243399871217,0.9375,0.280781325426627
619,0.7488731487443657,0.9375,0.2793971296691374
620,0.7488731487443657,0.9392361111111112,0.27939412754415205
621,0.7501609787508049,0.9392361111111112,0.27914467956946637
622,0.7501609787508049,0.9409722222222222,0.27911504465594145
623,0.7623953638119768,0.9409722222222222,0.2766439415931911
624,0.7623953638119768,0.9427083333333334,0.27663064249539854
625,0.7990985189954926,0.9427083333333334,0.2680700136200964
626,0.7990985189954926,0.9444444444444444,0.26806606957680607
627,0.8036059240180297,0.9444444444444444,0.2665163194306328
628,0.8036059240180297,0.9461805555555556,0.2661425243663005
629,0.8094011590470058,0.9461805555555556,0.26442902916224426
630,0.8094011590470058,0.9479166666666666,0.2643112768257383
631,0.8145524790727624,0.9479166666666666,0.26205814460673094
632,0.8145524790727624,0.9496527777777778,0.26192798532786815
633,0.824211204121056,0.9496527777777778,0.25740523385847514
634,0.824211204121056,0.9513888888888888,0.2574013060899498
635,0.8248551191242756,0.9513888888888888,0.2570420564354202
636,0.8248551191242756,0.9548611111111112,0.25664621838981855
637,0.8274307791371539,0.9548611111111112,0.2556851722789302
638,0.8274307791371539,0.9565972222222222,0.2556151780146785
639,0.8312942691564713,0.9565972222222222,0.2542704444719204
640,0.8312942691564713,0.9600694444444444,0.2541021648885689
641,0.8358016741790084,0.9600694444444444,0.2525888937154598
642,0.8358016741790084,0.9618055555555556,0.25252284888365667
643,0.8428847392144238,0.9618055555555556,0.2500331640312884
644,0.8428847392144238,0.9635416666666666,0.24999675451587747
645,0.8448164842240824,0.9635416666666666,0.24959195014058141
646,0.8448164842240824,0.9652777777777778,0.2492063380234094
647,0.875724404378622,0.9652777777777778,0.233322040272935
648,0.875724404378622,0.9670138888888888,0.23315176555361367
649,0.8860270444301352,0.9670138888888888,0.2285463379667
650,0.8860270444301352,0.96875,0.2283512811460461
651,0.8866709594333548,0.96875,0.22739835019315266
652,0.8866709594333548,0.9704861111111112,0.22605916890389455
653,0.8873148744365744,0.9704861111111112,0.22530704027060647
654,0.8873148744365744,0.9722222222222222,0.22505678424343648
655,0.8956857694784288,0.9722222222222222,0.22021755627888456
656,0.8956857694784288,0.9739583333333334,0.21989233360981741
657,0.9053444945267225,0.9739583333333334,0.21660485844598112
658,0.9053444945267225,0.9756944444444444,0.21606308529943372
659,0.9072762395363811,0.9756944444444444,0.21475229583355648
660,0.9072762395363811,0.9774305555555556,0.21459144499806482
661,0.9111397295556987,0.9774305555555556,0.2126892129560178
662,0.9111397295556987,0.9791666666666666,0.212500635184626
663,0.9124275595621378,0.9791666666666666,0.21194040933420247
664,0.9124275595621378,0.9809027777777778,0.21176759924787794
665,0.9150032195750161,0.9809027777777778,0.21072522852474151
666,0.9150032195750161,0.9826388888888888,0.21067809320460826
667,0.9253058596265293,0.9826388888888888,0.20343168383012541
668,0.9253058596265293,0.984375,0.2034292572870476
669,0.9259497746297489,0.984375,0.20319670154406366
670,0.9259497746297489,0.9861111111111112,0.20297787630426647
671,0.9420476497102382,0.9861111111111112,0.19593040988491164
672,0.9420476497102382,0.9878472222222222,0.19565234127984493
673,0.9523502897617514,0.9878472222222222,0.18724089121105866
674,0.9523502897617514,0.9895833333333334,0.1854383692161556
675,0.9581455247907277,0.9895833333333334,0.17976435943238087
676,0.9581455247907277,0.9913194444444444,0.1797626796652138
677,0.9729555698647778,0.9913194444444444,0.16604777569057014
678,0.9729555698647778,0.9930555555555556,0.16551216732331545
679,0.9761751448808758,0.9930555555555556,0.16329401425726467
680,0.9761751448808758,0.9947916666666666,0.16293423985133473
681,0.9832582099162911,0.9947916666666666,0.1511562127571716
682,0.9832582099162911,0.9965277777777778,0.15079353704833995
683,0.9903412749517064,0.9965277777777778,0.13455798087362728
684,0.9903412749517064,1.0,0.13230287342533684
685,1.0,1.0,0.06596623339502285
